question_id;edition;date;run;p;analytic_confidence;rationale;key_indicator
Q-0001;01;2026-09-23;"A";0.03;"high";"Putin decides; mobilisation has a high domestic cost, and contract recruitment plus slow progress at the front create no compulsion — equilibrium: no decree unless the front collapses.";"collapse of a front sector; fall in contract recruitment"
Q-0002;01;2026-09-23;"A";0.05;"medium";"Moscow tests the flank below the threshold (Il-20, drone over LT, flares), because a fatality would bring a cost (Art. 4/5) without gain; the risk remains on the accident side (a stray drone during strikes on western Ukraine).";"drone incidents in PL, RO, LT; Russian strikes near the UA–PL border"
Q-0003;01;2026-09-23;"A";0.35;"low";"Washington wants to shift costs onto Europe (options of 25–40k, recommendation by 06.11), but announcing a net decision of ≥10k is held back by Congress (new NDAA), the elections and the use of troops as a card in talks with Russia; moving part of the forces to the flank pays off more than a loud reduction.";"Pentagon statement after 06.11; NDAA FY2027 provisions on the 76k threshold"
Q-0004;01;2026-09-23;"A";0.18;"medium";"Russia has an incentive to show gains before the talks and winter, but the current net pace per DeepState is approx. 36–150 km²/month (VII–IX), and Ukraine defends effectively with drones; 200 km² would require a breakthrough that is not in sight.";"DeepState pace km²/week; Kramatorsk–Lyman axis"
Q-0005;01;2026-09-23;"A";0.25;"medium";"Beijing, in a phase of détente with Trump (summit 24.09, reciprocal visits, APEC Shenzhen), has no interest in named exercises while the USA holds back the 14 bn USD package for Taiwan; the equilibrium will shift if the package is unblocked or Lai makes a ""provocative"" gesture (transit through the USA).";"DSCA decision on the package; Lai Ching-te transit"
Q-0006;01;2026-09-23;"A";0.35;"medium";"Both sides of the US–Iran talks play to keep the track alive (second round 23.09, Iran's roadmap), and Saudi Arabia is increasing exports via Yanbu and Hormuz — this keeps downward pressure; a return to > 100 requires a breakdown of talks or a successful attack on infrastructure within 2 weeks.";"outcome of US–Iran rounds; attacks on Yanbu; OPEC+ 04.10"
Q-0007;01;2026-09-23;"A";0.12;"medium";"120 USD requires escalation (breakdown of talks + strikes on Gulf infrastructure), which neither side chooses before 03.11; after the elections the risk rises, as Trump threatens a ""quick end"" and the IRGC a ""change in the geography of the war"".";"breakdown of talks; CENTCOM strike statement; E-W shutdown"
Q-0008;01;2026-09-23;"A";0.15;"medium";"< 80 USD requires an agreement and actual opening of Hormuz, and even then rebuilding stocks (−507 mn bbl) and lost Gulf capacity will support the price; the gap in demands (24 bn USD up front, the Yemen condition) makes a quick agreement unattractive for Washington before the elections.";"US–Iran agreement; PortWatch transits"
Q-0009;01;2026-09-23;"A";0.25;"low";"Qatar and Iran can push prices up again, but the current equilibrium is de-escalation through talks; TTF > 90 requires a breakdown of the diplomatic track or a cold winter with EU storage 17.7 pp below average — the latter factor lies outside the lens.";"US–Iran track; Qatari force majeure after XI; weather"
Q-0010;01;2026-09-23;"A";0.40;"low";"The lens says little here: the outcome depends on weather and withdrawal rate, not on great-power moves; with a projection of approx. 78% on 01.11 and a typical XI–XII drop of approx. 20–25 pp, the 55% threshold lies in the middle of the distribution, with a slight edge to NO because high prices curb demand.";"AGSI+ level on 01.11; weather XI–XII"
Q-0011;01;2026-09-23;"A";0.72;"medium";"Both sides prefer extension to escalation: Trump needs calm markets before 03.11 and farm purchases, Xi — breathing room for a weak economy (investment −7.2%); Washington has postponed ""overcapacity"" tariffs, Beijing holds the magnet lever — a bargaining set-up with a focal point in extension. Using H.R. 5334 against the PRC would shift the equilibrium.";"statements after the 24.09 summit; MOFCOM; Board of Trade"
Q-0012;01;2026-09-23;"A";0.20;"medium";"H.R. 5334 gives Trump leverage (and a statutory basis for tariffs after the Supreme Court ruling on IEEPA), but using it hits the truce with the PRC, India and Turkey, and fuel prices before the elections; holding the threat pays, not carrying it out — unless Russia blocks the talks and India does not cut purchases.";"deadline approx. 18.10; Russian oil purchases by India and Turkey"
Q-0013;01;2026-09-23;"A";0.80;"low";"The lens says little here (statistical data); mechanically: the return of VAT on fuel from 8% to 23% from 01.09 raised fuel prices by approx. 15–20% m/m (diesel 7.31 → approx. 8.8 PLN/l), which with a fuel weight of approx. 5–6% adds approx. 0.8–1 pp to the VIII CPI (3.4%).";"GUS flash estimate 30.09; food prices"
Q-0014;01;2026-09-23;"A";0.55;"low";"The lens says little here; cost pressure (fertilisers +10% m/m, sugar, uncertainty about Black Sea exports) continues, and the slight fall in oil in IX partly offsets it.";"grain and sugar prices IX; urea"
Q-0015;01;2026-09-23;"A";0.12;"medium";"The EU accepted the terms (regulations of 25.06, removal of industrial tariffs), so Washington got what it wanted; raising tariffs above the ceiling pays off for it only as a punishment in a new dispute (digital services; Greenland already settled by the agreement of 22.09).";"US–EU digital disputes; legal basis of tariffs after s.122"
Q-0016;01;2026-09-23;"A";0.15;"medium";"The MPC chaired by Glapiński decides, and he has announced stability until about mid-2027; a government with a 7% of GDP deficit does not want a hike, and the CPI jump after VAT is one-off — a change would require strong pressure on PLN.";"CPI IX; NBP projection XI; EUR/PLN"
Q-0017;01;2026-09-23;"A";0.45;"low";"The lens says little (a technical institution); the ECB has hiked twice and acts ""meeting by meeting"", and the market prices approx. 3 hikes by mid-2027 — but the fall in oil and gas after the signals from Iran weakens the case for a move in X–XII.";"HICP IX–X; TTF and Brent"
Q-0018;01;2026-09-23;"A";0.10;"medium";"Listing a PRC bank on the SDN would break the truce and Beijing's response would be costly (rare earths); Washington chooses peripheral targets (HK companies, teapot refineries) — this would shift only if the truce collapses after 10.11.";"outcome of the 24.09 summit; 10.11 deadline; Operation Economic Outcast"
Q-0019;01;2026-09-23;"A";0.55;"low";"Most of the EU wants to maintain pressure, but France, Slovakia and Hungary extract concessions (delisting of Usmanov and Fridman), and the Commission proposal does not yet exist; a package usually passes 2–3 months after the proposal, so the 31.12 deadline is within reach if the proposal appears by XI.";"formal Commission proposal; position of HU and SK"
Q-0020;01;2026-09-23;"A";0.30;"medium";"The Bank of Russia paused the cycle on 11.09 because of inflation and a loose budget; the Kremlin wants cheap credit for industry, but Nabiullina has autonomy, and the draft 2027 budget with a deficit of approx. 2% of GDP gives no reason to resume cuts after a single pause.";"weekly inflation in Russia; draft budget; rouble exchange rate"
Q-0021;01;2026-09-23;"A";0.63;"medium";"The suspension of controls is Beijing's main concession in the truce, so if the truce is extended (Q-0011) it will almost certainly be extended; Beijing may however hold the lever until the last moment or replace the suspension with a licensing regime, which gives NO despite an agreement.";"MOFCOM statement before 10.11; magnet exports IX–X"
Q-0022;01;2026-09-23;"A";0.60;"medium";"The same logic as Q-0021, shifted by 17 days: Ga/Ge/Sb is a smaller card, usually settled in the same package; NO risk — Beijing keeps the ban as a response to a possible unblocking of the Taiwan package.";"rare-earth decision before 10.11; DSCA–Taiwan"
Q-0023;01;2026-09-23;"A";0.35;"medium";"Beijing uses the control list as a quick response (most recently 22.06), but in a phase of détente and before Trump's visit to Shenzhen it has no reason for new listings; the triggers are arms sales to Taiwan or tariffs under H.R. 5334.";"DSCA–Taiwan; use of H.R. 5334; outcome of the summit"
Q-0024;01;2026-09-23;"A";0.15;"medium";"Trump treats chips as a bargaining currency, but Congress (AI Overwatch Act) and administration hawks block Blackwell, and Beijing itself discourages H200 purchases — both sides gain little from this exchange.";"outcome of the 24.09 summit; BIS decisions"
Q-0025;01;2026-09-23;"A";0.45;"low";"The fall in VIII (−21% m/m) looks like a signal before the summit; IX is still a month before the summit's outcome, so Beijing had no reason to loosen — loosening would rather come in X–XI.";"GAC data for IX (approx. 20.10)"
Q-0026;01;2026-09-23;"A";0.45;"low";"The Kremlin has an incentive to show process (H.R. 5334 deadline approx. 18.10, refineries under fire), Trump wants a success, Kyiv needs an energy ceasefire — the format is agreed ""in principle""; the brake is Moscow's hard line (Rubio–Lavrov 23.09 without a breakthrough, Peskov: ""no progress"").";"date and venue (Abu Dhabi, Turkey); Ushakov's statements"
Q-0027;01;2026-09-23;"A";0.10;"medium";"Russia calibrates incidents below the threshold, and flank states avoid Art. 4 even for a drone with a payload over Lithuania (14/15.09); a request requires an incident with casualties or destruction.";"incidents with casualties on the flank"
Q-0028;01;2026-09-23;"A";0.35;"low";"Both sides have an incentive: Iran under blockade and sanctions (roadmap: 60-day ceasefire, gradual opening), the USA — fuel prices; but Trump rejects lifting the blockade ""before good will"", Iran demands 24 bn USD up front and the Yemen condition, and the IRGC does not take part — the equilibrium point is a phased agreement, more likely after 03.11.";"further rounds; suspension of the blockade; IRGC position"
Q-0029;01;2026-09-23;"A";0.50;"low";"Reciprocal visits were announced ""within half a year"", and APEC in Shenzhen is the natural date for a return visit under an extended truce; against — the post-election calendar, the possibility of a separate state visit to Beijing at another date, and a history of skipping APEC summits.";"statements after the 24.09 summit; state of the truce before 10.11"
Q-0030;01;2026-09-23;"A";0.30;"low";"Trump wants a summit that ends the war, Putin — a summit as legitimisation without concessions; a meeting however requires progress in the talks, which is lacking (Rubio–Lavrov 23.09), and the precedent of the cancelled Budapest summit shows that Washington does not go to a summit without a ready outcome.";"trilateral meeting; energy ceasefire"
Q-0031;01;2026-09-23;"A";0.15;"medium";"The lens says little about elections; balance of forces: generic ballot D +7–8 and Trump's approval at 39% outweigh the Republicans' gains from redistricting (e.g. Missouri) — keeping the majority would require a reversal of sentiment within 6 weeks.";"generic ballot average; rulings on district maps"
Q-0032;01;2026-09-23;"A";0.15;"low";"For the regime a recording means legitimacy, but also the risk of revealing his health and location (10 mn USD bounty, wounded on 28.02); more than 6 months of written statements only indicates that the cost of exposure exceeds the gain — a lasting agreement or a succession crisis would change this.";"statements of the Supreme Leader's office"
Q-0033;01;2026-09-23;"A";0.55;"low";"The lens says little; Lula has the incumbent's advantage and leads the second round 46 vs 44 (a statistical tie), and consolidation of the right around F. Bolsonaro in the second round limits that advantage.";"first-round result 04.10; vote transfers from Cury and Caiado"
Q-0034;01;2026-09-23;"A";0.30;"low";"Rodríguez has an interest in delay (""it is not me who sets the date""), Washington has leverage (the oil deal), but the US priority is oil and stability, not quick elections; first the TSJ, then the CNE — a specific day by III 2027 requires clear US pressure.";"election of the new CNE; State Department position"
Q-0035;01;2026-09-23;"A";0.08;"medium";"The junta holds Bamako thanks to convoys and Africa Corps support; JNIM prefers siege and income to storming the capital, and an internal coup has no visible contender — the equilibrium is a protracted blockade.";"fuel blockade of Bamako; status of Africa Corps"
Q-0036;01;2026-09-23;"A";0.30;"low";"An average > 40 in AIS requires an agreement with opening or IRGC consent to open traffic; with an agreement (approx. 0.35) the queue of 434 ships would quickly raise the average, but the IRGC earns from ""permits"" and may slow the opening.";"suspension of the blockade; daily PortWatch transits"
Q-0037;01;2026-09-23;"A";0.10;"medium";"≥ 20 transits in AIS within 2 weeks requires a quick agreement and an IRGC decision; Trump refuses to lift the blockade before a gesture from Iran, and Iran makes opening conditional on lifting the blockade — a stalemate of moves in this horizon.";"next round of talks; ""7 days"" offer"
Q-0038;01;2026-09-23;"A";0.32;"low";"The blockade is the main US lever and Iran's first condition; Washington will give it up only in a package (e.g. a 60-day ceasefire with opening) — probability close to the agreement in Q-0028, slightly lower because the USA may want opening before suspension.";"US–Iran talks; Trump's statements on ""good will"""
Q-0039;01;2026-09-23;"A";0.35;"low";"The lens says nothing here — the hydrology of Gatún Lake decides; the ACP has an economic incentive to raise the limit given demand from US energy exports, but only once the water level allows.";"Gatún Lake level; rainfall X"
Q-0040;01;2026-09-23;"A";0.40;"low";"Russia maintains hybrid pressure in the Baltic, and the shadow fleet increases the risk of ""dragged anchors"" in winter; after the 2024–25 series the Baltic states quickly open proceedings — in a half-year that includes winter this is a realistic scenario.";"anchor incidents; detentions of shadow-fleet ships"
Q-0041;01;2026-09-23;"A";0.05;"high";"Rounds of talks are ongoing (22–23.09), 15 periods without strikes, and before the elections Trump gains nothing from an escalation that raises fuel prices; a strike would require an IRGC provocation with American casualties.";"CENTCOM statements; attack on US forces"
Q-0042;01;2026-09-23;"A";0.55;"low";"Both sides and the mediators (Qatar, Pakistan, Egypt) keep the track alive — second round 23.09, Iran submitted a roadmap that requires a US response; after the UN General Assembly week, however, a meeting of delegations requires a new venue (Doha, Islamabad) and a decision by Tehran against IRGC opposition.";"announcement of the next round by Qatar or the parties"
Q-0043;01;2026-09-23;"A";0.40;"low";"The Houthis wage their own war with Saudi Arabia and have leverage (Saudi interceptors depleted, the USA refuses strikes); the attack on Riyadh on 19.09 showed capability, but there have been no launches since 21.09 — Iran may restrain the Houthis during talks in which the Yemen condition is a card.";"launches from Yemen; offensive in central Yemen"
Q-0044;01;2026-09-23;"A";0.20;"low";"Trump and Nawrocki have an interest in an announcement (success before the elections, ""Fort Trump""), but the Pentagon will link the location to the force posture review (06.11), and Warsaw has no leverage to speed it up — Trump's ""very soon"" rarely means 2 weeks.";"statements of the Polish MoD and the White House; force posture review"
Q-0045;01;2026-09-23;"A";0.25;"low";"Russia does not target Poland, but massed strikes on western Ukraine every few days carry the risk of a drone entering; violations of Polish airspace in 2026 are rarer than in IX 2025, and in recent weeks only precautionary scrambles were recorded.";"Russian strikes on Lviv and Volyn oblasts; DO RSZ statements"
Q-0046;01;2026-09-23;"A";0.50;"low";"Pyongyang responds with launches to US–ROK exercises and keeps up a testing rhythm (12.09, 20.09); before the party anniversary (10.10) and with the USA engaged in the Middle East it has freedom of action, but 14 days is a short window.";"US–ROK exercises; KCNA"
Q-0047;01;2026-09-23;"A";0.40;"low";"During the summit period Beijing lowers air activity (2026: by approx. 52% y/y; around the V summit — approx. 3/day), but keeps combat-readiness patrols (19.05 — 24 aircraft; early IX — 20); a day with ≥ 20 is possible as a post-summit signal if Taiwan does not drop off the agenda.";"daily reports of Taiwan's Ministry of National Defense; summit outcome on Taiwan"
Q-0048;01;2026-09-23;"A";0.35;"low";"The US–Iran diplomatic track and the falling risk premium push TTF down (71–74 EUR/MWh on 22.09); a return to > 75 within 2 weeks requires bad news from the Gulf or a cold weather forecast.";"US–Iran talks; weather; Norwegian nominations"
Q-0049;01;2026-09-23;"A";0.70;"low";"The lens says nothing here; mechanically: with injection of approx. 0.25–0.33 pp/day (19.09 → 22.09: +0.99 pp), exceeding 73.0% within 14 days needs only an average of approx. 0.2 pp/day, although the pace usually slows in X.";"7-day AGSI+ injection"
Q-0050;01;2026-09-23;"A";0.30;"low";"The wholesale price is set by state-controlled Orlen, and after the end of the CPN programme the government has a political interest in diesel not crossing the psychological 9 PLN threshold; Brent falling below 100 USD works in the same direction, the high diesel margin the opposite way.";"Orlen wholesale prices; Brent; diesel margins"
Q-0051;01;2026-09-23;"A";0.30;"low";"For Saudi Arabia (production 5.97 mn b/d against a quota of 10.48) a quota increase is empty, and for Russia unfavourable with a falling price; a gesture towards Trump (cheaper fuel before the elections) is possible, but the group of seven paused increases in X, and Brent is falling without its help.";"Brent before 04.10; Novak's position; OPEC statement"
Q-0052;01;2026-09-23;"A";0.45;"low";"The lens says little; the rate of 4.3463 (22.09) is just below the threshold, the MPC on 07.10 unchanged, and the fall in risk aversion after the signals from Iran supports the zloty — a slight edge to NO.";"risk aversion; MPC decision 07.10"
Q-0053;01;2026-09-23;"A";0.50;"low";"MinFin decides under Kremlin pressure: defence as ""the most important task"" pulls the deficit up, the credibility target (""approx. 2%"", cut-off price 50 USD) — down; the announcement sits exactly at the threshold, and the draft will almost certainly reach the Duma by 01.10.";"draft after the government meeting of 24.09; MinFin explanatory note"
Q-0054;01;2026-09-23;"A";0.85;"medium";"The result is in practice controlled by the Kremlin administration and the CEC; A Just Russia is a loyal systemic party whose presence in the Duma serves the Kremlin (façade pluralism), and its result rose with the count to 5.00% — the final protocol will most likely confirm this.";"final CEC results 25.09"
Q-0055;01;2026-09-23;"A";0.75;"low";"The lens says little; the United List (the prime minister's party) leads in the VIII SKDS poll with a clear margin (23.6% among decided voters vs 17.1% for SV), and 22.5% undecided is the main risk.";"polls from IX; turnout"
Q-0056;01;2026-09-23;"A";0.08;"medium";"The lens says little; Lula has 38–39% of all responses, which after removing invalid and undecided votes gives approx. 43–45% of valid votes — some 5–7 pp short of more than 50% in a polarised electorate.";"latest polls before 04.10"
Q-0057;01;2026-09-23;"A";0.12;"medium";"Washington postponed the ""overcapacity"" report until after the summit precisely as a card; right after hosting Xi and during negotiations on extending the truce it pays to keep holding the threat, not to carry it out.";"outcome of the 24.09 summit; USTR publications"
Q-0058;01;2026-09-23;"A";0.45;"low";"The 24.09 summit is a natural moment to announce an extension (Trump likes announcing ""deals"", Beijing wants predictability), but China prefers to hold its leverage until the 10.11 deadline, and analysts do not expect a breakthrough — a formal announcement by both governments within 2 weeks is less than half the chance of a full extension by 10.11.";"joint statement after 24.09; MOFCOM"
Q-0059;01;2026-09-23;"A";0.15;"low";"Both sides have an interest in an energy ceasefire before winter (Ukraine — the grid, Russia — refineries, > 45% of capacity per the Ukrainian General Staff), but the Kremlin links it to lifting sanctions on shipping, and they understand its scope differently; official confirmation by both sides within 2 weeks requires a US concession on sanctions.";"US–RU talks; strikes on refineries and the grid"
Q-0060;01;2026-09-23;"A";0.55;"low";"OFAC, in its ""Economic Outcast"" campaign, regularly lists HK and PRC companies for Iran, but since 19.09 it has paused actions for the summit; after the summit the administration may return to the rhythm (pressure on Iran during the talks), although targeting Chinese entities right after Xi's visit has a cost.";"OFAC Recent Actions; US–Iran track"
Q-0061;01;2026-09-23;"A";0.25;"low";"The Trump administration rarely sanctions Russia during talks, because it protects the channel to the Kremlin; H.R. 5334 forces action by approx. 18.10, but the White House usually acts at the deadline or circumvents it — the window to 07.10 is before the deadline.";"30-day deadline of H.R. 5334; Rubio–Lavrov outcome"
Q-0062;01;2026-09-23;"A";0.45;"low";"The Houthis are at war with Saudi Arabia, control the whole coast and declared a blockade from 20.07, so attacks on ships linked to Saudi Arabia pay off for them; the absence of data on attacks in IX suggests, however, that the blockade works more through deterrence than through fire.";"UKMTO/JMIC notices; Houthi–Saudi escalation"
Q-0063;01;2026-09-23;"A";0.45;"low";"The IRGC earns from ""permits"" and enforces them with fire (21.09 — two tankers), and attacks ""without a perpetrator"" allow the talks to continue; during rounds with the USA, however, the Foreign Ministry may restrain the IRGC — the outcome depends on the factional dispute.";"UKMTO notices; state of the talks"
Q-0064;01;2026-09-23;"A";0.25;"low";"Kyiv is ready to sign, but Washington treats the drone agreement as a card in talks with Russia and Ukraine — CBS sources: signature ""later, when the USA is ready""; the UN General Assembly window passed without a signature.";"statement of the Pentagon or the Office of the President of Ukraine"
Q-0065;01;2026-09-23;"A";0.25;"low";"Before 03.11 escalation does not pay for Trump, but after the elections the threat that ""it will all end very quickly"" becomes credible if Iran does not yield; the IRGC has an incentive to provoke in order to block a Foreign Ministry agreement.";"breakdown of talks; attack on US forces; 03.11 election result"
Q-0066;01;2026-09-23;"A";0.30;"low";"The lens says little; the FOMC signals another hike in 2026 (16/18), but a meeting a week before the elections, under White House pressure and with falling oil prices, favours postponing the move to XII.";"CPI and PCE IX; Brent"
Q-0067;01;2026-09-23;"A";0.30;"low";"The lens says nothing here; the projection of approx. 78.2% on 01.11 and the slowing injection pace in X point to NO, although the last 3 days (+0.33 pp/day) give a path to approx. 80%.";"7-day injection; summer–winter spread"
Q-0068;01;2026-09-23;"A";0.25;"low";"Trump refused Saudi Arabia strikes on the Houthis because during talks with Iran and before the elections he does not want a new front; a change requires a Houthi attack on US ships or a collapse of the talks with Iran after 03.11.";"Houthi attacks on US forces; US–Iran track"
Q-0069;01;2026-09-23;"A";0.15;"medium";"The 14 bn USD package on hold since 23.05 is Trump's card vis-à-vis Xi; until APEC in Shenzhen (18–19.11) and while extending the truce it pays to hold it — unblocking would come with a collapse of relations or strong pressure from Congress.";"outcome of the 24.09 summit; truce 10.11; DSCA notifications"
Q-0070;01;2026-09-23;"A";0.30;"low";"The lens says little; Fitch has a negative outlook, and the government is not consolidating before the 2027 elections (deficit 7.1% of GDP in the 2027 draft, defence 4.5% of GDP) — a downgrade at the Fitch review is realistic, S&P (stable) is unlikely to move.";"Fitch and S&P review calendar; 2027 budget"
Q-0071;01;2026-09-23;"A";0.20;"low";"Belgium and Euroclear block it because they bear the legal risk, and the 90 bn EUR loan covers 2026–27; pressure will rise with the 2027 gap (32.6 bn USD), but without guarantees from other states for Belgium the equilibrium is ""a concept, not a plan"".";"Belgium's position; Ukraine's 2027 funding gap"
Q-0072;01;2026-09-23;"A";0.12;"medium";"Baku makes signature conditional on a change to Armenia's constitution, and Pashinyan has no constitutional majority, with a referendum only in 2027; Aliyev has no reason to sign earlier, because time works in his favour.";"date of the referendum in Armenia; TRIPP progress"
Q-0073;01;2026-09-23;"A";0.10;"medium";"Russia wants Kramatorsk and Sloviansk as a war aim, but the current pace (approx. 36–150 km²/month) and drone defence do not give the capability to take a whole city of the agglomeration within 9 months; a collapse of the defence near Kostiantynivka and Lyman would change this.";"ISW and DeepState maps; Dobropillia–Kramatorsk road"
Q-0001;01;2026-09-23;"B";0.03;"medium";"Mobilisation decrees in Russia during this war: 1 in approx. 55 months → λ ≈ 0.018/month; t = 3.3 months → approx. 0.06; adjusted down: contract recruitment continues, strong SQ.";"acts on the reserve on pravo.gov.ru"
Q-0002;01;2026-09-23;"B";0.05;"medium";"Fatalities from Russian drones/missiles on NATO territory since 02.2022: 0 events in approx. 43 months (Laplace's rule ≈ 2%/month) → 3.3 months ≈ 0.07; adjusted down — no event despite many incidents.";"drone incidents PL/RO/LT"
Q-0003;01;2026-09-23;"B";0.35;"low";"Formal US posture reviews with reduction options: 2020 (12k from DE announced in approx. 2 months), V 2026 (5k from DE); reviews often end in a decision, but ≥10k net and ""a decision, not an option"" within 6 months narrow it; base rate approx. 0.4 → adjusted down (Congress, §1249, elections).";"Pentagon statement after 06.11"
Q-0004;01;2026-09-23;"B";0.15;"medium";"Monthly net Russian gain per DeepState in 2026: VI 84, VII 36–88, VIII approx. 50, 17.08–14.09 approx. 150 km² — 0 of the last 4 months > 200 → base rate approx. 0.1; adjusted up for the autumn offensive season.";"weekly DeepState data in X"
Q-0005;01;2026-09-23;"B";0.35;"low";"Named PLA exercises around Taiwan 2023–2025: approx. 1.7/year → 6 months ≈ 0.57; adjusted down: no such exercises in 2026 through IX, summits and reciprocal leader visits (APEC Shenzhen XI).";"DSCA decision; transits of Taiwan's president"
Q-0006;01;2026-09-23;"B";0.45;"medium";"Random walk: Brent 99.25 (22.09), threshold +0.8%; annual σ approx. 45% (wartime market) → 10 sessions σ ≈ 9% → z ≈ 0.08 → 0.47; adjusted slightly down (5 sessions of declines, de-escalation signals).";"Brent 06.10"
Q-0007;01;2026-09-23;"B";0.25;"low";"Threshold +19% in approx. 68 sessions; σ 35–45% → σ_t 0.22–0.28 → touch probability 0.38–0.50; adjusted down: daily settlement (not intraday), mean reversion after the IX peak, US–Iran talks track.";"Brent; attacks on Yanbu/E-W"
Q-0008;01;2026-09-23;"B";0.30;"low";"Threshold −19% in approx. 68 sessions; same model → 0.33–0.44; adjusted down: a fall to < 80 requires actual opening of Hormuz (IEA: loss > 10 mn b/d).";"US–Iran agreement; PortWatch"
Q-0009;01;2026-09-23;"B";0.35;"low";"TTF approx. 72 → threshold +22%; annual σ approx. 55% → σ_t ≈ 0.34 → touch ≈ 0.5; adjusted down (the IX peak of 84 did not break 90, mean reversion), partly up (winter, storage −17.7 pp vs average).";"TTF; Qatari force majeure after XI"
Q-0010;01;2026-09-23;"B";0.25;"medium";"Drop in EU storage fill 01.11→01.01 in 2021–2025: 12–24 pp (2 of 5 years ≥ 23 pp); start approx. 78% → < 55% requires a drop > 23 pp → base rate approx. 0.3; adjusted slightly down (high prices dampen demand).";"AGSI+ 01.11; temperature forecasts for XII"
Q-0011;01;2026-09-23;"B";0.75;"medium";"Deadlines of US–PRC tariff truces in 2025: 2 of 2 extended on time (VIII 2025, XI 2025) → Laplace 0.75; no adjustment (the 24.09 summit and Board of Trade support it, lack of progress on rare earths holds it back).";"joint statement after 24.09"
Q-0012;01;2026-09-23;"B";0.15;"low";"New discretionary congressional sanctions authorities (CAATSA 2017 — first use against a third country after approx. 3 years) are rarely used within 3 months; counter-precedent: 25% tariff on India for Russian oil (VIII 2025, IEEPA) → base rate approx. 0.15; no adjustment.";"decision approx. 18.10"
Q-0013;01;2026-09-23;"B";0.85;"high";"Mechanics: VAT on fuel 8% → 23% from 01.09 (end of CPN), diesel/Pb95 prices IX vs VIII approx. +15–20%, fuel weight approx. 5–6% → approx. +0.8–1.0 pp y/y on the 3.4% of VIII; economists (Erste) expect > 3.5%; adjusted down for the risk of falling food and energy prices.";"GUS flash estimate 30.09"
Q-0014;01;2026-09-23;"B";0.55;"low";"Sign of the monthly FFPI change: approx. 50/50 with positive autocorrelation; upward trend (VIII +1.9%, highest since XI 2022) → 0.55.";"FFPI 02–09.10"
Q-0015;01;2026-09-23;"B";0.12;"low";"US tariff agreements with partners 2025–2026: breakdowns with a rise above the ceiling are rare despite threats; base rate for 6 months approx. 0.15; adjusted down (ceiling since 01.07.2026, the EU removed industrial tariffs).";"USTR notices"
Q-0016;01;2026-09-23;"B";0.10;"medium";"With the governor's guidance of ""stability until mid-2027"" the MPC rarely changes rates in the next 3 meetings; base rate approx. 0.1; inflation up to approx. 4% (PKO, Pekao forecasts) does not change the direction of the guidance.";"CPI IX–X; MPC statement 07.10"
Q-0017;01;2026-09-23;"B";0.45;"low";"Two divergent reference points: economists — 2.50% is the end of the cycle; futures — approx. 3 hikes by mid-2027 (i.e. at least one by XII more likely than not) → average ≈ 0.45.";"HICP IX–X; meeting 29.10"
Q-0018;01;2026-09-23;"B";0.08;"medium";"SDN listings of mainland PRC banks: isolated cases over a decade (Bank of Kunlun 2012, Dandong 2017) → 6 months ≈ 0.05; adjusted up for the war with Iran and H.R. 5334, down for the truce with the PRC.";"OFAC actions against the PRC"
Q-0019;01;2026-09-23;"B";0.50;"medium";"EU packages: 21 in approx. 55 months (every approx. 2.6 months); from Commission proposal to adoption usually 1–3 months; no proposal yet, announced ""not earlier than end of X"" → approx. 0.5 by 31.12.";"formal Commission proposal"
Q-0020;01;2026-09-23;"B";0.25;"medium";"After the first pause in an easing cycle, central banks more often hold at the next meeting; consensus (SberCIB): hold at 14% in X → 0.25.";"Russian inflation IX; inflation expectations"
Q-0021;01;2026-09-23;"B";0.70;"medium";"The suspension of the 09.10.2025 controls was extended in XI 2025 together with the truce; class as Q-0011 (0.75); adjusted slightly down — no progress on rare earths in the 20.09 round and falling magnet exports.";"MOFCOM announcement before 10.11"
Q-0022;01;2026-09-23;"B";0.72;"medium";"As Q-0021, longer deadline (27.11) and lower cost for Beijing (licences, the military ban stays).";"MOFCOM announcement"
Q-0023;01;2026-09-23;"B";0.50;"low";"MOFCOM listings of US entities: approx. 6 rounds in 2025, in 2026 known on 22.06 → λ approx. 3–4/year → 3.3 months ≈ 0.6; adjusted down for the truce and the summit (2026 listings were a response to the 1260H list and arms sales).";"DSCA decision on Taiwan; 1260H list"
Q-0024;01;2026-09-23;"B";0.15;"low";"Announcements of allowing a cut-down Blackwell to the PRC (2025–2026) — none became a decision; H200 was permitted only after approx. a year of discussion → base rate approx. 0.1; adjusted up for the 24.09 summit (Huang at the dinner).";"BIS/Nvidia statements"
Q-0025;01;2026-09-23;"B";0.60;"low";"Monthly changes in magnet exports ~50/50; VIII 512 t was a trough (−21% m/m, VII 647 t), and the I–VIII average is up +23% y/y → mean reversion favours YES.";"GAC data approx. 20.10"
Q-0026;01;2026-09-23;"B";0.45;"low";"Trilateral meetings in 2026: several rounds in H1, a break since then; at a rhythm of approx. 0.4/month → 2.2 months ≈ 0.6; adjusted down — the Kremlin: ""no progress"", no date or venue.";"announcement of a date by the Kremlin and the Office of the President"
Q-0027;01;2026-09-23;"B";0.12;"medium";"Article 4 requests: 9 since 1949, but 3 events in 2022–2025 (approx. 0.65/year) → 3.3 months ≈ 0.16; adjusted down — no request in 2026 despite the drone incident over LT.";"incident with casualties/damage"
Q-0028;01;2026-09-23;"B";0.25;"low";"Agreements in active armed conflicts with mediation within 3 months: base rate approx. 0.15–0.2; adjusted up — the parties have already concluded an interim agreement (VI 2026), talks resumed on 22.09.";"second round of talks with a date"
Q-0029;01;2026-09-23;"B";0.60;"medium";"Personal attendance of the US president at APEC summits 2017–2025: approx. 5 of 9 (approx. 60% in non-pandemic years); no adjustment (announced ""reciprocal visits"" support it, the 03.11 elections and tensions may change the plan).";"White House confirmation"
Q-0030;01;2026-09-23;"B";0.25;"low";"Trump–Putin meetings in the current term: 1 (Alaska VIII 2025) in approx. 20 months, the second (Budapest) cancelled → λ ≈ 0.05/month → 6 months ≈ 0.26.";"date of trilateral talks"
Q-0031;01;2026-09-23;"B";0.12;"medium";"Midterms with a generic ballot of +7–8 for the opposition and presidential approval of approx. 39%: the president's party almost always loses the House (2006, 2018) → base rate approx. 0.1; adjusted slightly up for redistricting (Missouri, others).";"generic ballot average X"
Q-0032;01;2026-09-23;"B";0.12;"low";"Leaders absent from public view > 6 months after injury: a return on video is rare, the hazard declines over time (no recording since 09.03) → approx. 0.1 for 3 months.";"IRIB recording"
Q-0033;01;2026-09-23;"B";0.57;"medium";"Brazilian presidents seeking re-election: 3 of 4 won (1998, 2006, 2014; 2022 lost) → 0.75; second-round poll 46–44 (statistical tie) → approx. 0.58; no adjustment.";"second-round polls after 04.10"
Q-0034;01;2026-09-23;"B";0.35;"low";"Transitional regimes under external pressure usually announce an election date after a new electoral commission is formed; the CNE and TSJ are being replaced (opposition: before the end of 2026) → approx. 0.35 in 6 months.";"composition of the new CNE"
Q-0035;01;2026-09-23;"B";0.10;"low";"Annual hazard of a Sahel junta leader losing power while the capital is besieged approx. 15–20% → 6 months ≈ 0.1.";"state of the Bamako fuel blockade"
Q-0036;01;2026-09-23;"B";0.20;"low";"A 7-day average > 40 requires open traffic to resume (currently 1–8/day in PortWatch) → conditionally ≈ agreement (Q-0028, 0.25) × time to rebuild traffic; plus a small chance of de facto opening → 0.2.";"daily PortWatch"
Q-0037;01;2026-09-23;"B";0.12;"low";"Latest daily PortWatch readings 6, 8, 1 (06.09–20.09) — none ≥ 20; a jump within 14 days requires a change of the strait regime → approx. 0.1.";"PortWatch; ""7 days"" offer"
Q-0038;01;2026-09-23;"B";0.22;"low";"Suspending the blockade is Iran's precondition → close to Q-0028; naval blockades are rarely lifted without an agreement → 0.22.";"CENTCOM statement"
Q-0039;01;2026-09-23;"B";0.10;"medium";"Drought of 2023–24: ACP restrictions were tightened through the rainy season and eased only in spring; now El Niño until 2027, rainfall −34%, draught reduced on 01.10 → 0.1.";"Gatun Lake level"
Q-0040;01;2026-09-23;"B";0.75;"medium";"Winters 2023/24, 2024/25, 2025/26: each had at least one cable/pipeline damage in the Baltic with an investigation (Balticconnector, Eagle S, Fitburg) → 3 of 3 (Laplace 0.8); the window covers the X–III season; adjusted slightly down (reinforced patrols).";"shadow-fleet anchor incidents"
Q-0041;01;2026-09-23;"B";0.08;"medium";"Pauses in US strikes on Iran: a run of 15 periods without strikes and an ongoing channel of talks; hazard of resumption approx. 4–5% per 2 weeks (see Q-0065) → 0.08 with an allowance for the threat ""either an agreement or quickly"".";"CENTCOM statement"
Q-0042;01;2026-09-23;"B";0.45;"low";"Active US–Iran talks tracks with a mediator (IV–V 2025, Oman): rounds every approx. 7–14 days → 14 days ≈ 0.6–0.7; adjusted down: the previous break lasted approx. 3 months, end of the UN General Assembly week, no date or venue.";"announcement by Qatar/Pakistan"
Q-0043;01;2026-09-23;"B";0.35;"low";"Confirmed Houthi attacks on Riyadh: 1 in this escalation (19.09), attacks on other Saudi cities more frequent; λ for Riyadh is hard to estimate from 1 observation (Laplace for 14-day windows since the Yemen war ≈ 0.2–0.4) → 0.35.";"coalition statements (SPA)"
Q-0044;01;2026-09-23;"B";0.20;"low";"""Very soon"" announcements on bases and agreements (e.g. ""Fort Trump"" 2018–2019 without a location for over a year) usually slip by months → 14 days ≈ 0.2.";"Polish MoD/Pentagon statement"
Q-0045;01;2026-09-23;"B";0.15;"medium";"Violations of Polish airspace from the direction of RU/BY confirmed by DO RSZ: several a year (2022–2025) → λ approx. 4–6/year → 14 days ≈ 0.15–0.2; no adjustment.";"Russian air raids on western Ukraine"
Q-0046;01;2026-09-23;"B";0.45;"medium";"DPRK ballistic missile launches in 2026: approx. 13 in approx. 38 weeks (0.34/week) → 2 weeks λ ≈ 0.68 → 0.49; adjusted slightly down — two launches just carried out (12.09, 20.09), launches cluster.";"JCS statements"
Q-0047;01;2026-09-23;"B";0.40;"low";"Days with ≥ 20 PLA aircraft in 2026 (air activity half of last year's; VIII — 171 aircraft in the month; 05.09 — 20): approx. 1–3 days/month → 14 days ≈ 0.4–0.6; adjusted down — precedent of V 2026 (drop to approx. 3/day around the summit).";"daily reports of Taiwan's Ministry of National Defense"
Q-0048;01;2026-09-23;"B";0.37;"medium";"Random walk: TTF approx. 72.5 (22.09), threshold +3.4%; annual σ approx. 55% → 10 sessions σ ≈ 11% → z ≈ 0.3 → 0.38; no adjustment.";"TTF 06.10"
Q-0049;01;2026-09-23;"B";0.60;"medium";"Extrapolation: 22.09 70.3%, 7-day injection 2790 GWh/d ≈ 0.25 pp/d (capacity approx. 1130 TWh) → 06.10 ≈ 73.8%; the projection to 01.11 (78.2%) gives approx. 0.2 pp/d → 73.1% — threshold on the borderline, the 19–22.09 pace was higher → 0.6.";"daily AGSI+"
Q-0050;01;2026-09-23;"B";0.35;"low";"Retail diesel prices change week to week by a few to over ten grosz; 8.89 (16.09), estimates for 22.09 8.79–9.03; wholesale follows Brent, which fell by approx. 5 USD → 0.35.";"Orlen wholesale diesel"
Q-0051;01;2026-09-23;"B";0.30;"low";"Decisions of the voluntary-cuts group: a series of increases until the end of 2025, then pauses; the latest decision (06.09) — no change; decisions show persistence → 0.3.";"OPEC statement 04.10"
Q-0052;01;2026-09-23;"B";0.47;"medium";"Random walk: EUR/PLN 4.3463 (22.09), threshold +0.09%; annual σ approx. 5% → 11 sessions σ ≈ 1% → z ≈ 0.08 → 0.47.";"NBP rate 07.10"
Q-0053;01;2026-09-23;"B";0.45;"low";"Announcement of ""approx. 2% of GDP"" (approx. 4.8 trn RUB); with 2027 GDP of approx. 240–250 trn RUB this gives 1.9–2.0% — the threshold sits at the announced value; submission to the Duma by 01.10 is a statutory rule (base rate > 0.95) → approx. 0.45.";"MinFin explanatory note"
Q-0054;01;2026-09-23;"B";0.68;"medium";"Counting trend: 4.96% at 95.39% of protocols → 5.00% at 96.95% (+0.04 pp per 1.56 pp of protocols); extrapolation to the remaining 3% → approx. 5.08% → YES more likely; adjusted down for uncertainty about the composition of late protocols.";"CEC protocol 25.09"
Q-0055;01;2026-09-23;"B";0.88;"medium";"Poll leaders with a lead of approx. 10 pp a week before elections in Latvia (2018, 2022) won the most seats; poll average on 22.09: AS 22.9% vs 12.7% for the second party → 0.88.";"CVK results 03–04.10"
Q-0056;01;2026-09-23;"B";0.04;"high";"Datafolha (IX): Lula approx. 43% of valid votes in the first round; first-round polling error in Brazil is usually ≤ 3–5 pp → > 50% almost ruled out.";"polls of the last week"
Q-0057;01;2026-09-23;"B";0.12;"low";"Publications postponed ""until after the summit"" usually slip by weeks or months after a successful summit; 14 days → 0.12.";"Federal Register / USTR"
Q-0058;01;2026-09-23;"B";0.45;"low";"US–PRC leaders' summits with a prepared package (Busan X 2025 — truce announced by both sides within 2 days) → base rate approx. 0.6; adjusted down — analysts ""do not expect a breakthrough"", the 10.11 deadline leaves time.";"statements after 24–25.09"
Q-0059;01;2026-09-23;"B";0.10;"medium";"Mutually confirmed RU–UA energy moratoria: 1 (III 2025) despite many attempts; currently contradictory signals and the Kremlin's sanctions condition → 14 days ≈ 0.1.";"statements of the Kremlin and the Office of the President"
Q-0060;01;2026-09-23;"B";0.68;"medium";"OFAC actions against Iran in IX: 5 in 2 weeks (04–17.09), most with PRC/HK entities → 14 days ≈ 0.85; adjusted down — pause since 19.09 during Xi's visit.";"OFAC Recent Actions"
Q-0061;01;2026-09-23;"B";0.15;"medium";"New OFAC listings in the Russia programme in 2026: rare (known 08.01, 11.06), with delistings at the same time → λ ≈ 0.3/month → 14 days ≈ 0.13; adjusted slightly up for the implementing deadlines of H.R. 5334.";"OFAC Recent Actions"
Q-0062;01;2026-09-23;"B";0.45;"low";"UKMTO incidents in the Red Sea/Aden waters in VII–VIII 2026 (attacks and boardings): approx. 2–3/month → 14 days ≈ 0.6–0.7; adjusted down — no incidents found in IX.";"UKMTO/JMIC notices"
Q-0063;01;2026-09-23;"B";0.40;"low";"Hits on ships in the Gulf/Hormuz in this war: a series, most recently 21.09 (2 tankers) after a quiet period; no full statistics → 14 days approx. 0.4.";"UKMTO notices"
Q-0064;01;2026-09-23;"B";0.25;"low";"Agreements with the USA ""ready for signing"" (UA–US minerals agreement II→IV 2025) are usually signed after weeks to months → 14 days ≈ 0.25.";"statement of the Office of the President/State Department"
Q-0065;01;2026-09-23;"B";0.28;"low";"Hazard of resumed strikes approx. 4–5% per 2 weeks during the ongoing pause → approx. 7 periods → 1 − 0.955^7 ≈ 0.28; the US–Iran wars of 2025–2026 show that pauses have been broken.";"CENTCOM statement; breakdown of talks"
Q-0066;01;2026-09-23;"B";0.40;"medium";"16/18 FOMC participants expect ≥ 1 hike in 2026 (X and XII remain); in hiking cycles the next meeting brings a hike approx. 50% of the time → 0.8 × 0.5 ≈ 0.4.";"US CPI IX"
Q-0067;01;2026-09-23;"B";0.45;"medium";"Extrapolation from 22.09 (70.3%): 0.20–0.25 pp/d for 40 days → 78.3–80.2%; the pace usually falls in X; projection 78.2% → the 80% threshold slightly above the middle of the distribution → 0.45.";"AGSI+"
Q-0068;01;2026-09-23;"B";0.25;"low";"US strikes on the Houthis: campaigns in 2024 and III–V 2025; since the war with Iran (II 2026) the USA has avoided Yemen despite Saudi requests → hazard approx. 8%/month → 3.3 months ≈ 0.25.";"CENTCOM statements"
Q-0069;01;2026-09-23;"B";0.15;"low";"DSCA notifications for Taiwan in the current term: XI–XII 2025 (including 11.1 bn), then the 14 bn package on hold since 23.05.2026 during détente; holds before summits usually last → 0.15.";"decision after APEC"
Q-0070;01;2026-09-23;"B";0.33;"low";"A negative outlook (Fitch since IX 2025) ends in a downgrade in approx. 1/3–1/2 of cases within 12–24 months; Fitch review approx. II 2027 and S&P approx. XI 2026 within the window; S&P stable (base rate of downgrade ≈ 0.05); Moody's has just downgraded → 0.33.";"Fitch/S&P reviews; 2027 deficit"
Q-0071;01;2026-09-23;"B";0.12;"medium";"EU attempts to use the Bank of Russia's assets themselves (reparations loan 2025) failed (Belgian opposition), replaced by a 90 bn EUR loan; currently ""a concept, not a plan"" → 9 months ≈ 0.12.";"Commission proposal; Belgium's position"
Q-0072;01;2026-09-23;"B";0.15;"medium";"Treaty initialled 08.2025; Baku makes signature conditional on a change to Armenia's constitution, referendum only in 2027 and the ruling party without a constitutional majority → chance of signature before 30.06.2027 approx. 0.15.";"date of the referendum in Armenia"
Q-0073;01;2026-09-23;"B";0.10;"medium";"Russian pace in 2026: approx. 50–150 km²/month; taking medium-sized cities (Bakhmut, Avdiivka, Pokrovsk) took 5–12+ months from the direct threat; Kramatorsk and Sloviansk lie behind Kostiantynivka/Druzhkivka → 9 months ≈ 0.1.";"DeepState; fighting for Kostiantynivka"
Q-0001;01;2026-09-23;"C";0.03;"medium";"The 2022 mobilisation caused emigration and a fall in support; the labour market is tight, and the 2027 budget funds contract recruitment — the Kremlin has a cheaper path than a decree, despite the absence of brakes in the new Duma.";"spending on recruitment bonuses in the 2027 budget; unemployment in Russia"
Q-0002;01;2026-09-23;"C";0.05;"low";"Weak lens: no domestic calendar forces such an event; the Kremlin avoids casualties on NATO territory, which trigger Art. 4 and sanctions (a cost to the budget).";"drone incidents in PL, RO, LT"
Q-0003;01;2026-09-23;"C";0.30;"low";"Procedures act as a brake: §1249 NDAA and the draft §1232 for FY2027 (C-10), the recommendation only on 06.11, after the elections Congress may pass to the Democrats; on the other hand Trump wants savings and has declared shifting forces to the flank.";"NDAA FY2027 conference text; decision after 06.11"
Q-0004;01;2026-09-23;"C";0.35;"low";"Pace approx. 150 km²/4 weeks (G1-044), end of X is the start of the rasputitsa, and Russia is shifting resources to drones and defence against strikes on refineries; the 200 km² threshold requires acceleration.";"DeepState km²/week"
Q-0005;01;2026-09-23;"C";0.40;"low";"Xi has a personal interest in a calm backdrop before APEC in Shenzhen (XI) and the reciprocal visits; against — the Fifth Plenum (26–29.10) rewards toughness, and Lai's 10.10 speech and a possible arms package are typical triggers.";"DSCA decision; 10.10 speech"
Q-0006;01;2026-09-23;"C";0.40;"medium";"Brent 99.25 (22.09) in a downtrend; before the 03.11 elections the administration has a strong incentive to lower fuel prices and send signals from the Iran talks, and OPEC+ on 04.10 will not increase real supply.";"daily Brent; OPEC+ statement 04.10"
Q-0007;01;2026-09-23;"C";0.20;"low";"Stocks −507 mn bbl and a supply deficit >10 mn b/d (G2-010) provide fuel for a spike, but Washington avoids escalation before 03.11, and demand is falling (−2.5 mn b/d); the risk rises after the elections.";"attacks on Yanbu and E-W; breakdown of talks"
Q-0008;01;2026-09-23;"C";0.15;"low";"A fall below 80 requires an agreement with Iran and a quick recovery of flows; even then rebuilding stocks after a 507 mn bbl loss supports prices.";"US–Iran agreement; PortWatch"
Q-0009;01;2026-09-23;"C";0.30;"low";"Storage 17.7 pp below average, Qatar without 17% of capacity until approx. 2029 and force majeure until XI — the winter market is tight; the IX peak was 84, so the 90 threshold requires cold or a shock in the Gulf.";"weather XI–XII; Qatari force majeure"
Q-0010;01;2026-09-23;"C";0.40;"low";"With a projection of approx. 78% on 01.11 and a typical withdrawal of 20–25 pp in XI–XII the outcome lands near the 55% threshold; high prices dampen industrial demand, but Germany (approx. 57%) has no buffer.";"withdrawal rate XI; temperature"
Q-0011;01;2026-09-23;"C";0.78;"medium";"Both leaders have domestic incentives: Trump — farm purchases and the stock market right after the 03.11 elections, Xi — a weak economy (investment −7.2%) and APEC in Shenzhen; the 10.11 deadline forces a decision, and the truce has been extended before.";"statements after the 24.09 summit; Board of Trade"
Q-0012;01;2026-09-23;"C";0.22;"low";"Tariffs raise prices before the elections, hit India and Turkey (partners) or break the truce with the PRC; the law gives the president a national-interest waiver, so the 30-day deadline (approx. 18.10) is not binding. After 03.11 the electoral brake weakens.";"acts in the Federal Register after 18.10"
Q-0013;01;2026-09-23;"C";0.88;"medium";"The end of CPN and the return of 23% VAT from 01.09 raised diesel from the maximum price of 7.31 to 8.75–8.99 PLN/l (+approx. 20% m/m), which with the fuel weight gives approx. +1 pp m/m; VIII already 3.4%, Erste points to > 3.5% (C-06).";"GUS flash estimate 30.09"
Q-0014;01;2026-09-23;"C";0.58;"low";"Input costs are rising: urea +10% m/m, oil in IX higher on average than in VIII, uncertainty about Black Sea exports; the risk is a correction in sugar after the +11.9% jump in VIII.";"grain and sugar prices IX"
Q-0015;01;2026-09-23;"C";0.08;"medium";"After the Supreme Court ruling of 20.02.2026 (IEEPA) and the expiry of s.122 the legal basis for raising the ceiling is narrow (s.232/301 require proceedings), and before and after the elections the administration is focused on China and Russia.";"new s.301/s.232 proceedings against the EU"
Q-0016;01;2026-09-23;"C";0.30;"medium";"Three meetings (X, XI, XII); Glapiński announces stability until mid-2027, but the CPI jump in IX towards 4% and the November projection open the door to a hike to 4.00% in Q4 (C-07).";"CPI IX (30.09); NBP projection XI"
Q-0017;01;2026-09-23;"C";0.40;"low";"HICP 3.3% and energy prices push up, but the ECB has already hiked twice in 2026, economists see the end of the cycle, and futures price further hikes — the ""meeting by meeting"" procedure and the XII projections give one realistic opportunity.";"HICP IX–X; XII projections"
Q-0018;01;2026-09-23;"C";0.08;"medium";"Listing a Chinese bank would break the truce and the summits (APEC, visits), and the Treasury prefers Hong Kong entities and refineries; the incentive rises only if talks with the PRC break down.";"outcome of the 24.09 summit; H.R. 5334"
Q-0019;01;2026-09-23;"C";0.40;"low";"Commission proposal ""not earlier than end of X"", and previous packages needed 6–10 weeks of negotiation; Slovakia has taken over the blocking role (C-13), which extends the procedure beyond XII.";"Commission proposal; SK position"
Q-0020;01;2026-09-23;"C";0.20;"medium";"The Bank of Russia paused the cycle on 11.09 because of core inflation and ""budget uncertainty""; a draft budget with a deficit of approx. 2% and 22% VAT does not remove these reasons, analysts (SberCIB) expect a pause until XII.";"Rosstat weekly inflation; 2027 budget"
Q-0021;01;2026-09-23;"C";0.72;"medium";"The same package as Q-0011: Beijing keeps its lever until the last moment (magnet exports −21% m/m before the summit), but the Fifth Plenum and a weak economy favour extension over a return of controls, which would also hit Japan and the EU.";"MOFCOM announcement before 10.11"
Q-0022;01;2026-09-23;"C";0.72;"medium";"The 27.11 deadline falls after 10.11 — the decision will usually be taken in one package with rare earths; the ban for military end users and licences remain, so an extension is cheap for Beijing.";"decision on Q-0021; MOFCOM statement"
Q-0023;01;2026-09-23;"C";0.45;"low";"MOFCOM listings are a routine response to arms notifications for Taiwan and to sanctions; during the truce and APEC preparations Beijing holds them back (last on 22.06), but any DSCA notification or use of H.R. 5334 will trigger the procedure within days.";"DSCA notifications; H.R. 5334 acts"
Q-0024;01;2026-09-23;"C";0.20;"low";"Trump is open to sales (dinner with J. Huang), but before the elections and with bipartisan opposition in Congress (AI Overwatch Act) approving Blackwell carries a political cost; Beijing is discouraging H200 purchases anyway.";"outcome of the summit; BIS rule"
Q-0025;01;2026-09-23;"C";0.45;"low";"The IX data cover the month before the summit, when Beijing was signalling its leverage (trend 647 → 512 t); MOFCOM licensing reacts with a lag, so the effect of the 24.09 summit will rather show in X.";"GAC data approx. 20.10"
Q-0026;01;2026-09-23;"C";0.45;"low";"Trump wants a ""peace success"" before 03.11 and the trilateral format exists (Abu Dhabi), but the Kremlin speaks of no progress and links a ceasefire to sanctions on shipping; Moscow may agree to a meeting as a cheap concession in view of H.R. 5334.";"Ushakov's statements; date of talks"
Q-0027;01;2026-09-23;"C";0.12;"low";"An Art. 4 request is a political decision of governments; in 2026 none was submitted despite a drone with a payload over Lithuania, which shows a high threshold. The lens is weak otherwise.";"incidents with casualties or destruction"
Q-0028;01;2026-09-23;"C";0.30;"low";"Fuel prices before 03.11 push Trump towards a deal, but the demand for 24 bn USD up front is politically toxic in the USA before the elections, and the IRGC is blocking in Tehran; Trump himself pointed to an agreement ""after the elections"".";"date of the second round; Iran's conditions"
Q-0029;01;2026-09-23;"C";0.50;"low";"The Shenzhen visit falls two weeks after the elections, when domestic pressure weakens, and Trump values summits with Xi and reciprocal visits were announced; against — post-election commitments and image risk in the event of losing the House.";"outcome of the 24.09 summit; White House announcement"
Q-0030;01;2026-09-23;"C";0.25;"low";"Trump has a personal incentive for a meeting (the promise to end the war), but a summit without a ready agreement is costly for his image before and just after the elections; the Kremlin gains from a meeting but sets sanctions conditions.";"progress of trilateral talks"
Q-0031;01;2026-09-23;"C";0.20;"medium";"The classic midterm penalty for the president's party with Trump's approval at 39% and a cost-of-living rating of 26/71; generic ballot D +7–8, the Democrats are approx. 3–5 seats short. Partly offset by new district maps (Missouri).";"generic ballot; US fuel prices"
Q-0032;01;2026-09-23;"C";0.15;"low";"The authorities have a strong legitimacy incentive to show the leader, and yet since 09.03 they publish only text — this indicates a physical limitation, not a choice.";"statements of the Supreme Leader's office"
Q-0033;01;2026-09-23;"C";0.55;"low";"The incumbent president with the state apparatus and social programmes leads the first round (Datafolha 39–36, Quaest 37–33), but the second round is a statistical tie 46–44.";"Datafolha/Quaest after the first round"
Q-0034;01;2026-09-23;"C";0.35;"low";"Institutional sequence: first a new TSJ (procedure since 18.09), then the CNE, only then a schedule; Rodríguez has no incentive to accelerate, although the USA is pressing.";"appointment of the new CNE"
Q-0035;01;2026-09-23;"C";0.10;"low";"The junta holds Bamako with convoys (900 tankers on 14.09) and declares GDP growth of 6.3%; the risk is a coup within the army as the fuel blockade drags on (Africa Corps status unverified).";"fuel blockade; JNIM attacks"
Q-0036;01;2026-09-23;"C";0.22;"low";"An average >40/day in PortWatch requires an agreement, lifting of the blockade and a return of AIS traffic; even after an agreement insurers and shipowners need weeks — the calendar alone limits the chances.";"US–Iran agreement; insurance rates"
Q-0037;01;2026-09-23;"C";0.12;"low";"Within 2 weeks there is no time to change procedures and insurance; escorted traffic often runs without AIS, so PortWatch does not see it.";"daily PortWatch transits"
Q-0038;01;2026-09-23;"C";0.30;"low";"Lifting the blockade is Iran's condition no. 1, but before the elections it looks like a concession without gain; after 03.11 Trump's freedom grows, hence p close to Q-0028.";"second round of talks"
Q-0039;01;2026-09-23;"C";0.20;"low";"The limit was reduced in IX (34 → 32) because of El Niño-related drought; the ACP has a revenue incentive, but the level of Gatún Lake decides, and the window to 31.10 is short.";"Gatún Lake level"
Q-0040;01;2026-09-23;"C";0.55;"low";"Weak lens: winter is the peak of anchor incidents, and the Baltic states have procedures for quickly opening investigations and detentions; the deadline covers the whole winter season.";"shadow-fleet incidents; NATO patrols"
Q-0041;01;2026-09-23;"C";0.05;"medium";"Six weeks before the elections, during talks and with falling oil prices, a strike on Iranian land would carry for Trump the risk of a fuel price spike without electoral gain.";"CENTCOM statements; breakdown of talks"
Q-0042;01;2026-09-23;"C";0.45;"low";"Trump announces another meeting ""in the very near future"", and the mediators (Qatar, Pakistan) are active; against — the end of the UN General Assembly week removes the common venue, and Tehran has to agree its position with the IRGC.";"announcement of a date by a party or mediator"
Q-0043;01;2026-09-23;"C";0.35;"low";"The Saudi coalition publicly confirms interceptions, and the offensive in central Yemen continues; no launches on 21–22.09 and the Houthis' missile shortage limit the pace.";"coalition statements; Houthi offensive"
Q-0044;01;2026-09-23;"C";0.20;"low";"The Pentagon closes the posture review only on 06.11, and announcing the location before then would get ahead of the procedure; the Nawrocki–government rivalry over credit and Trump's words ""very soon"" give a chance of a quick gesture.";"Polish MoD/Pentagon statement"
Q-0045;01;2026-09-23;"C";0.15;"low";"Weak lens: violations depend on Russian strikes on western Ukraine; DO RSZ has a procedure for public statements, so any violation will be reported.";"Russian attacks on western Ukraine"
Q-0046;01;2026-09-23;"C";0.40;"low";"Calendar: US–ROK exercises and the Workers' Party anniversary on 10.10 (usually a parade, not a launch); two launches in IX (12.09, 20.09) indicate an active test series.";"JCS statements"
Q-0047;01;2026-09-23;"C";0.55;"low";"Precedent from V 2026: calm on the days of the summit, and a patrol with 24 aircraft a few days after; the window 24.09–07.10 covers the post-summit period and the 01.10 holiday.";"daily reports of Taiwan's Ministry of National Defense"
Q-0048;01;2026-09-23;"C";0.40;"low";"TTF 71–74 with low storage; the market priced de-escalation, and warm weather and weak storage auctions in DE pull down.";"daily TTF; weather"
Q-0049;01;2026-09-23;"C";0.55;"low";"With injection of approx. 0.21–0.33 pp/day (69.31 → 70.3 in 3 days), from 70.3% to 06.10 approx. 3–3.5 pp will be added — a result right at the 73.0 threshold; lower spot prices encourage injection.";"7-day injection rate"
Q-0050;01;2026-09-23;"C";0.35;"medium";"e-petrol 23.09: 8.99 PLN/l; Orlen cut wholesale on 23.09 after the fall in Brent, and retail follows with a lag of approx. a week; a return of lower VAT before 07.10 is blocked (C-05).";"Orlen wholesale; Brent"
Q-0051;01;2026-09-23;"C";0.25;"low";"Saudi Arabia produces 5.97 mn b/d against a quota of 10.478 — a quota increase costs it nothing, but also gains nothing; Russia will not increase production (refineries, sanctions) and prefers high prices for a budget with a cut-off price of 50 USD.";"04.10 statement; US pressure"
Q-0052;01;2026-09-23;"C";0.45;"low";"The MPC decision of 07.10 may be announced after the NBP fixing, so expectations count, not the decision itself; the CPI jump in IX will raise expectations of a hike (supports PLN), while Fed/ECB tightening and global tensions work against it — the 4.3463 rate is just below the threshold.";"EUR/PLN; CPI IX"
Q-0053;01;2026-09-23;"C";0.52;"low";"The budget submission deadline (by 01.10) is kept even in an election year, so the draft will arrive; the outcome depends on rounding of ""approx. 2%"" — MinFin may show 1.9% for image, but Putin and Siluanov speak directly of 2%.";"MinFin explanatory note"
Q-0054;01;2026-09-23;"C";0.93;"medium";"The result rises with the count (4.96% → 5.00% → 5.13% at 97.64%, C-01), and the Kremlin has an interest in keeping a loyal systemic party in the Duma; the CEC rarely changes the result to the detriment of a systemic party after preliminary data.";"CEC protocol (25.09)"
Q-0055;01;2026-09-23;"C";0.82;"medium";"The prime minister's party leads in both polls (SKDS VIII 15.2%, IX 15.9% of all respondents — almost double the second party, C-02); the fragmentation of rivals strengthens the lead in seats.";"CVK results"
Q-0056;01;2026-09-23;"C";0.07;"medium";"With 37–39% of all respondents and approx. 10–15% undecided Lula has approx. 43–45% of valid votes — too far from 50% with 10 days to go.";"final first-round polls"
Q-0057;01;2026-09-23;"C";0.15;"medium";"The report was postponed ""until after the summit"", but publishing it right after the summit and before the elections would break the agreement and raise prices; the truce calendar (10.11) favours further postponement.";"USTR statements"
Q-0058;01;2026-09-23;"C";0.45;"low";"Trump wants to announce a ""deal"" before the elections, and the 24.09 summit is the natural moment; Beijing usually announces via MOFCOM only an agreed text, and there are still 6 weeks to 10.11 for technical closure.";"joint statements 24–25.09"
Q-0059;01;2026-09-23;"C";0.10;"medium";"The Kremlin links a ceasefire to sanctions on shipping, and Kyiv to the power grid — different subjects of the agreement; both sides use strikes as the main means of pressure before winter.";"Peskov's statements; strikes on energy"
Q-0060;01;2026-09-23;"C";0.45;"low";"OFAC's bureaucratic rhythm in IX: Iran actions on 04, 08, 10, 14 and 17.09, usually with HK/PRC entities; the pause since 19.09 coincides with the summit and the Iran talks, so a return to the rhythm before 07.10 is uncertain.";"OFAC Recent Actions"
Q-0061;01;2026-09-23;"C";0.25;"low";"H.R. 5334 sets 30 days (approx. 18.10) for most measures, which creates procedural pressure, but the president can waive them, and the ongoing Rubio–Lavrov and trilateral talks give him a reason to delay; in IX OFAC only removed entries in the Russia programme.";"OFAC Recent Actions; decisions on H.R. 5334"
Q-0062;01;2026-09-23;"C";0.40;"low";"The Houthis declared a blockade (20.07) and control the whole coast, but their resources go to the offensive in Yemen and attacks on Saudi Arabia; no data on attacks on ships in IX.";"UKMTO/JMIC notices"
Q-0063;01;2026-09-23;"C";0.40;"low";"The attacks of 21.09 without a perpetrator show that part of the IRGC acts outside the Foreign Ministry track; the talks give Tehran an incentive for restraint, but the military centre does not share it.";"UKMTO; IRGC position"
Q-0064;01;2026-09-23;"C";0.30;"low";"The agreement has been ""ready for signing"" since 21.09, and Trump likes announcing deals; signature however requires procedures (funding, licences) and did not fit into the 22.09 meeting, which suggests obstacles on the US side.";"statements of the White House and the Office of the President of Ukraine"
Q-0065;01;2026-09-23;"C";0.25;"low";"Before 03.11 the electoral brake is strong (fuel); after the elections and without an agreement Trump announces a ""quick end"" — the XI–XII window opens a risk of strikes.";"election result; state of the talks"
Q-0066;01;2026-09-23;"C";0.30;"low";"16 of 19 participants expect another hike in 2026, but X and XII are the options; the 27–28.10 meeting falls a week before the elections, and the fall in Brent reduces pressure — December with new projections is institutionally more convenient.";"PCE/CPI IX; statements of FOMC members"
Q-0067;01;2026-09-23;"C";0.30;"medium";"Reaching 80% needs approx. 5.5 TWh/d against approx. 2.8 TWh/d; states can use the target flexibility (−4 pp), so they have no incentive for costly injection at high prices — projection 78.2%.";"injection rate; summer–winter spread"
Q-0068;01;2026-09-23;"C";0.20;"low";"Trump refused strikes despite the Saudi request and keeps the USA away from Yemen before the elections; after 03.11 and with attacks on shipping or US forces the incentive may reverse.";"Houthi attacks on ships; talks with Iran"
Q-0069;01;2026-09-23;"C";0.20;"low";"The package has been on hold since 23.05, and the calendar of visits (APEC in Shenzhen, announced reciprocal visits) gives Trump a personal reason for further delay; Congressional pressure is at work, but the notification procedure depends on an administration decision.";"outcome of the summit; APEC; DSCA notifications"
Q-0070;01;2026-09-23;"C";0.30;"low";"S&P has a review on 06.11 with a stable outlook (a downgrade without an outlook change is rare); Fitch has a negative outlook and a review around II 2027 — a GG deficit of 7.1% in the 2027 draft and no consolidation before the 2027 elections support a downgrade.";"Fitch 2027 calendar; 2027 budget in the Sejm"
Q-0071;01;2026-09-23;"C";0.20;"low";"Ukraine's 2027 gap (32.6 bn USD) and the end of the 90 bn EUR loan create budget pressure, but Belgium and Euroclear bear the legal risk, and the procedure requires a Council act — as of today ""a concept, not a plan""; the change of government in Hungary makes it easier, Slovakia harder.";"Belgium's position; Ukraine funding plan 2027"
Q-0072;01;2026-09-23;"C";0.12;"medium";"Baku makes signature dependent on a change to Armenia's constitution, and the referendum is planned only for 2027 and Pashinyan has no constitutional majority; the procedure practically rules out signature before the referendum.";"date of the referendum in Armenia"
Q-0073;01;2026-09-23;"C";0.15;"low";"A pace of approx. 150 km²/month and winter limit the capability to take a large fortified city within 9 months; Russia has funding and men, but not the logistical advantage needed for an assault.";"ISW/DeepState — Dobropillia–Kramatorsk road"
Q-0001;01;2026-09-23;"AGG";0.03;"medium";"Mean of lenses A 0.03 / B 0.03 / C 0.03; spread 0.00. Confidence = median of lens confidences.";"manpower needs per ISW; acts on the reserve; statements of the Russian MoD"
Q-0001;01;2026-09-23;"AGG_RT";0.03;"medium";"AGG without red-team adjustment (05 §3); AGG_RT = AGG 0.03.";"manpower needs per ISW; acts on the reserve; statements of the Russian MoD"
Q-0002;01;2026-09-23;"AGG";0.05;"medium";"Mean of lenses A 0.05 / B 0.05 / C 0.05; spread 0.00. Confidence = median of lens confidences.";"drone and missile incidents in PL, RO, LT, LV, EE"
Q-0002;01;2026-09-23;"AGG_RT";0.06;"medium";"AGG 0.05 +0.01 (red-team adjustment accepted in stage 06, 05 §3): removal of double counting of the absence of events in lens B.";"drone and missile incidents in PL, RO, LT, LV, EE"
Q-0003;01;2026-09-23;"AGG";0.333;"low";"Mean of lenses A 0.35 / B 0.35 / C 0.3; spread 0.05. Confidence = median of lens confidences.";"force posture review recommendation (by 06.11.2026); §1249 NDAA"
Q-0003;01;2026-09-23;"AGG_RT";0.403;"low";"AGG 0.333 +0.07 (red-team adjustment accepted in stage 06, 05 §3): §1249 NDAA is a certification procedure, not a ban; ACH-3 points to H1/H2 with a reduction.";"force posture review recommendation (by 06.11.2026); §1249 NDAA"
Q-0004;01;2026-09-23;"AGG";0.227;"medium";"Mean of lenses A 0.18 / B 0.15 / C 0.35; spread 0.20. Confidence = median of lens confidences.";"DeepState pace km²/week; Kramatorsk and Lyman axes"
Q-0004;01;2026-09-23;"AGG_RT";0.227;"medium";"AGG without red-team adjustment (05 §3); AGG_RT = AGG 0.227.";"DeepState pace km²/week; Kramatorsk and Lyman axes"
Q-0005;01;2026-09-23;"AGG";0.333;"low";"Mean of lenses A 0.25 / B 0.35 / C 0.4; spread 0.15. Confidence = median of lens confidences.";"decision on the arms package for Taiwan; daily PLA activity per Taiwan's Ministry of National Defense"
Q-0005;01;2026-09-23;"AGG_RT";0.333;"low";"AGG without red-team adjustment (05 §3); AGG_RT = AGG 0.333.";"decision on the arms package for Taiwan; daily PLA activity per Taiwan's Ministry of National Defense"
Q-0006;01;2026-09-23;"AGG";0.4;"medium";"Mean of lenses A 0.35 / B 0.45 / C 0.4; spread 0.10. Confidence = median of lens confidences.";"US–Iran talks; transits through Hormuz; OPEC+ 04.10"
Q-0006;01;2026-09-23;"AGG_RT";0.4;"medium";"AGG without red-team adjustment (05 §3); AGG_RT = AGG 0.4.";"US–Iran talks; transits through Hormuz; OPEC+ 04.10"
Q-0007;01;2026-09-23;"AGG";0.19;"low";"Mean of lenses A 0.12 / B 0.25 / C 0.2; spread 0.13. Confidence = median of lens confidences.";"attacks on Yanbu and the East–West pipeline; breakdown of US–Iran talks"
Q-0007;01;2026-09-23;"AGG_RT";0.19;"low";"AGG without red-team adjustment (05 §3); AGG_RT = AGG 0.19.";"attacks on Yanbu and the East–West pipeline; breakdown of US–Iran talks"
Q-0008;01;2026-09-23;"AGG";0.2;"low";"Mean of lenses A 0.15 / B 0.3 / C 0.15; spread 0.15. Confidence = median of lens confidences.";"US–Iran agreement; transits through Hormuz"
Q-0008;01;2026-09-23;"AGG_RT";0.2;"low";"AGG without red-team adjustment (05 §3); AGG_RT = AGG 0.2.";"US–Iran agreement; transits through Hormuz"
Q-0009;01;2026-09-23;"AGG";0.3;"low";"Mean of lenses A 0.25 / B 0.35 / C 0.3; spread 0.10. Confidence = median of lens confidences.";"EU storage; Qatari force majeure; weather; Norwegian supplies"
Q-0009;01;2026-09-23;"AGG_RT";0.3;"low";"AGG without red-team adjustment (05 §3); AGG_RT = AGG 0.3.";"EU storage; Qatari force majeure; weather; Norwegian supplies"
Q-0010;01;2026-09-23;"AGG";0.35;"low";"Mean of lenses A 0.4 / B 0.25 / C 0.4; spread 0.15. Confidence = median of lens confidences.";"injection and withdrawal rate; weather XI–XII; Qatar"
Q-0010;01;2026-09-23;"AGG_RT";0.35;"low";"AGG without red-team adjustment (05 §3); AGG_RT = AGG 0.35.";"injection and withdrawal rate; weather XI–XII; Qatar"
Q-0011;01;2026-09-23;"AGG";0.75;"medium";"Mean of lenses A 0.72 / B 0.75 / C 0.78; spread 0.06. Confidence = median of lens confidences.";"statements after the 24.09 summit; US–PRC Board of Trade"
Q-0011;01;2026-09-23;"AGG_RT";0.75;"medium";"AGG without red-team adjustment (05 §3); AGG_RT = AGG 0.75.";"statements after the 24.09 summit; US–PRC Board of Trade"
Q-0012;01;2026-09-23;"AGG";0.19;"low";"Mean of lenses A 0.2 / B 0.15 / C 0.22; spread 0.07. Confidence = median of lens confidences.";"30-day deadline (approx. 18.10.2026); reactions of India, Turkey and the PRC"
Q-0012;01;2026-09-23;"AGG_RT";0.19;"low";"AGG without red-team adjustment (05 §3); AGG_RT = AGG 0.19.";"30-day deadline (approx. 18.10.2026); reactions of India, Turkey and the PRC"
Q-0013;01;2026-09-23;"AGG";0.843;"medium";"Mean of lenses A 0.8 / B 0.85 / C 0.88; spread 0.08. Confidence = median of lens confidences.";"fuel prices after the return of 23% VAT from 01.09; food prices"
Q-0013;01;2026-09-23;"AGG_RT";0.943;"medium";"AGG 0.843 +0.10 (red-team adjustment accepted in stage 06, 05 §3): base IX 2025 = 0.0% m/m (GUS) and the fuel contribution of +0.8–1.0 pp give approx. 4.2–4.4% y/y; the lenses did not justify 16% on NO.";"fuel prices after the return of 23% VAT from 01.09; food prices"
Q-0014;01;2026-09-23;"AGG";0.56;"low";"Mean of lenses A 0.55 / B 0.55 / C 0.58; spread 0.03. Confidence = median of lens confidences.";"grain and sugar prices; fertilisers; Black Sea exports"
Q-0014;01;2026-09-23;"AGG_RT";0.56;"low";"AGG without red-team adjustment (05 §3); AGG_RT = AGG 0.56.";"grain and sugar prices; fertilisers; Black Sea exports"
Q-0015;01;2026-09-23;"AGG";0.107;"medium";"Mean of lenses A 0.12 / B 0.12 / C 0.08; spread 0.04. Confidence = median of lens confidences.";"US–EU trade disputes; legal basis of US tariffs after expiry of s.122"
Q-0015;01;2026-09-23;"AGG_RT";0.107;"medium";"AGG without red-team adjustment (05 §3); AGG_RT = AGG 0.107.";"US–EU trade disputes; legal basis of US tariffs after expiry of s.122"
Q-0016;01;2026-09-23;"AGG";0.183;"medium";"Mean of lenses A 0.15 / B 0.1 / C 0.3; spread 0.20. Confidence = median of lens confidences.";"CPI (flash estimate for IX on 30.09); NBP projection XI; ECB and Fed decisions"
Q-0016;01;2026-09-23;"AGG_RT";0.183;"medium";"AGG without red-team adjustment (05 §3); AGG_RT = AGG 0.183.";"CPI (flash estimate for IX on 30.09); NBP projection XI; ECB and Fed decisions"
Q-0017;01;2026-09-23;"AGG";0.433;"low";"Mean of lenses A 0.45 / B 0.45 / C 0.4; spread 0.05. Confidence = median of lens confidences.";"HICP; energy prices; pricing of rate contracts"
Q-0017;01;2026-09-23;"AGG_RT";0.433;"low";"AGG without red-team adjustment (05 §3); AGG_RT = AGG 0.433.";"HICP; energy prices; pricing of rate contracts"
Q-0018;01;2026-09-23;"AGG";0.087;"medium";"Mean of lenses A 0.1 / B 0.08 / C 0.08; spread 0.02. Confidence = median of lens confidences.";"Operation Economic Outcast; H.R. 5334; outcome of the 24.09 summit"
Q-0018;01;2026-09-23;"AGG_RT";0.087;"medium";"AGG without red-team adjustment (05 §3); AGG_RT = AGG 0.087.";"Operation Economic Outcast; H.R. 5334; outcome of the 24.09 summit"
Q-0019;01;2026-09-23;"AGG";0.483;"low";"Mean of lenses A 0.55 / B 0.5 / C 0.4; spread 0.15. Confidence = median of lens confidences.";"Commission proposal; work of the RELEX working party; positions of FR, SK, HU"
Q-0019;01;2026-09-23;"AGG_RT";0.483;"low";"AGG without red-team adjustment (05 §3); AGG_RT = AGG 0.483.";"Commission proposal; work of the RELEX working party; positions of FR, SK, HU"
Q-0020;01;2026-09-23;"AGG";0.25;"medium";"Mean of lenses A 0.3 / B 0.25 / C 0.2; spread 0.10. Confidence = median of lens confidences.";"inflation in Russia; draft 2027 budget; rouble exchange rate"
Q-0020;01;2026-09-23;"AGG_RT";0.25;"medium";"AGG without red-team adjustment (05 §3); AGG_RT = AGG 0.25.";"inflation in Russia; draft 2027 budget; rouble exchange rate"
Q-0021;01;2026-09-23;"AGG";0.683;"medium";"Mean of lenses A 0.63 / B 0.7 / C 0.72; spread 0.09. Confidence = median of lens confidences.";"outcome of the 24.09 summit; magnet exports (GAC)"
Q-0021;01;2026-09-23;"AGG_RT";0.683;"medium";"AGG without red-team adjustment (05 §3); AGG_RT = AGG 0.683.";"outcome of the 24.09 summit; magnet exports (GAC)"
Q-0022;01;2026-09-23;"AGG";0.68;"medium";"Mean of lenses A 0.6 / B 0.72 / C 0.72; spread 0.12. Confidence = median of lens confidences.";"outcome of the 24.09 summit; rare-earth decision before 10.11"
Q-0022;01;2026-09-23;"AGG_RT";0.68;"medium";"AGG without red-team adjustment (05 §3); AGG_RT = AGG 0.68.";"outcome of the 24.09 summit; rare-earth decision before 10.11"
Q-0023;01;2026-09-23;"AGG";0.433;"low";"Mean of lenses A 0.35 / B 0.5 / C 0.45; spread 0.15. Confidence = median of lens confidences.";"PRC reaction to H.R. 5334 and arms sales to Taiwan"
Q-0023;01;2026-09-23;"AGG_RT";0.433;"low";"AGG without red-team adjustment (05 §3); AGG_RT = AGG 0.433.";"PRC reaction to H.R. 5334 and arms sales to Taiwan"
Q-0024;01;2026-09-23;"AGG";0.167;"low";"Mean of lenses A 0.15 / B 0.15 / C 0.2; spread 0.05. Confidence = median of lens confidences.";"outcome of the 24.09 summit; AI Overwatch Act in Congress"
Q-0024;01;2026-09-23;"AGG_RT";0.167;"low";"AGG without red-team adjustment (05 §3); AGG_RT = AGG 0.167.";"outcome of the 24.09 summit; AI Overwatch Act in Congress"
Q-0025;01;2026-09-23;"AGG";0.5;"low";"Mean of lenses A 0.45 / B 0.6 / C 0.45; spread 0.15. Confidence = median of lens confidences.";"MOFCOM decisions; outcome of the 24.09 summit"
Q-0025;01;2026-09-23;"AGG_RT";0.5;"low";"AGG without red-team adjustment (05 §3); AGG_RT = AGG 0.5.";"MOFCOM decisions; outcome of the 24.09 summit"
Q-0026;01;2026-09-23;"AGG";0.45;"low";"Mean of lenses A 0.45 / B 0.45 / C 0.45; spread 0.00. Confidence = median of lens confidences.";"statements by Ushakov and Peskov; offers from hosts (Abu Dhabi, Turkey)"
Q-0026;01;2026-09-23;"AGG_RT";0.45;"low";"AGG without red-team adjustment (05 §3); AGG_RT = AGG 0.45.";"statements by Ushakov and Peskov; offers from hosts (Abu Dhabi, Turkey)"
Q-0027;01;2026-09-23;"AGG";0.113;"medium";"Mean of lenses A 0.1 / B 0.12 / C 0.12; spread 0.02. Confidence = median of lens confidences.";"incidents on the flank (drones, missiles, the Baltic)"
Q-0027;01;2026-09-23;"AGG_RT";0.113;"medium";"AGG without red-team adjustment (05 §3); AGG_RT = AGG 0.113.";"incidents on the flank (drones, missiles, the Baltic)"
Q-0028;01;2026-09-23;"AGG";0.3;"low";"Mean of lenses A 0.35 / B 0.25 / C 0.3; spread 0.10. Confidence = median of lens confidences.";"date of the second round of talks; Iran's conditions (blockade, assets, Yemen)"
Q-0028;01;2026-09-23;"AGG_RT";0.3;"low";"AGG without red-team adjustment (05 §3); AGG_RT = AGG 0.3.";"date of the second round of talks; Iran's conditions (blockade, assets, Yemen)"
Q-0029;01;2026-09-23;"AGG";0.533;"low";"Mean of lenses A 0.5 / B 0.6 / C 0.5; spread 0.10. Confidence = median of lens confidences.";"outcome of the 24.09 summit; announcement of ""reciprocal visits within half a year"""
Q-0029;01;2026-09-23;"AGG_RT";0.533;"low";"AGG without red-team adjustment (05 §3); AGG_RT = AGG 0.533.";"outcome of the 24.09 summit; announcement of ""reciprocal visits within half a year"""
Q-0030;01;2026-09-23;"AGG";0.267;"low";"Mean of lenses A 0.3 / B 0.25 / C 0.25; spread 0.05. Confidence = median of lens confidences.";"progress of trilateral talks; Rubio–Lavrov talks"
Q-0030;01;2026-09-23;"AGG_RT";0.267;"low";"AGG without red-team adjustment (05 §3); AGG_RT = AGG 0.267.";"progress of trilateral talks; Rubio–Lavrov talks"
Q-0031;01;2026-09-23;"AGG";0.157;"medium";"Mean of lenses A 0.15 / B 0.12 / C 0.2; spread 0.08. Confidence = median of lens confidences.";"generic ballot polling average; presidential approval"
Q-0031;01;2026-09-23;"AGG_RT";0.107;"medium";"AGG 0.157 −0.05 (red-team adjustment accepted in stage 06, 05 §3): lens C rationale points to a lower p than 0.20; lens B reference class approx. 0.10–0.12.";"generic ballot polling average; presidential approval"
Q-0032;01;2026-09-23;"AGG";0.14;"low";"Mean of lenses A 0.15 / B 0.12 / C 0.15; spread 0.03. Confidence = median of lens confidences.";"statements of the Supreme Leader's office"
Q-0032;01;2026-09-23;"AGG_RT";0.14;"low";"AGG without red-team adjustment (05 §3); AGG_RT = AGG 0.14.";"statements of the Supreme Leader's office"
Q-0033;01;2026-09-23;"AGG";0.557;"low";"Mean of lenses A 0.55 / B 0.57 / C 0.55; spread 0.02. Confidence = median of lens confidences.";"Datafolha and Quaest polls; first-round result"
Q-0033;01;2026-09-23;"AGG_RT";0.557;"low";"AGG without red-team adjustment (05 §3); AGG_RT = AGG 0.557.";"Datafolha and Quaest polls; first-round result"
Q-0034;01;2026-09-23;"AGG";0.333;"low";"Mean of lenses A 0.3 / B 0.35 / C 0.35; spread 0.05. Confidence = median of lens confidences.";"replacement of the TSJ and CNE; US position"
Q-0034;01;2026-09-23;"AGG_RT";0.333;"low";"AGG without red-team adjustment (05 §3); AGG_RT = AGG 0.333.";"replacement of the TSJ and CNE; US position"
Q-0035;01;2026-09-23;"AGG";0.093;"low";"Mean of lenses A 0.08 / B 0.1 / C 0.1; spread 0.02. Confidence = median of lens confidences.";"fuel blockade of Bamako; JNIM attacks in central Mali"
Q-0035;01;2026-09-23;"AGG_RT";0.093;"low";"AGG without red-team adjustment (05 §3); AGG_RT = AGG 0.093.";"fuel blockade of Bamako; JNIM attacks in central Mali"
Q-0036;01;2026-09-23;"AGG";0.24;"low";"Mean of lenses A 0.3 / B 0.2 / C 0.22; spread 0.10. Confidence = median of lens confidences.";"daily PortWatch transits; US–Iran talks; blockade"
Q-0036;01;2026-09-23;"AGG_RT";0.24;"low";"AGG without red-team adjustment (05 §3); AGG_RT = AGG 0.24.";"daily PortWatch transits; US–Iran talks; blockade"
Q-0037;01;2026-09-23;"AGG";0.113;"low";"Mean of lenses A 0.1 / B 0.12 / C 0.12; spread 0.02. Confidence = median of lens confidences.";"US–Iran talks; offer to open within 7 days"
Q-0037;01;2026-09-23;"AGG_RT";0.113;"low";"AGG without red-team adjustment (05 §3); AGG_RT = AGG 0.113.";"US–Iran talks; offer to open within 7 days"
Q-0038;01;2026-09-23;"AGG";0.28;"low";"Mean of lenses A 0.32 / B 0.22 / C 0.3; spread 0.10. Confidence = median of lens confidences.";"US–Iran talks; Iran's condition no. 1 (G4-003)"
Q-0038;01;2026-09-23;"AGG_RT";0.28;"low";"AGG without red-team adjustment (05 §3); AGG_RT = AGG 0.28.";"US–Iran talks; Iran's condition no. 1 (G4-003)"
Q-0039;01;2026-09-23;"AGG";0.217;"low";"Mean of lenses A 0.35 / B 0.1 / C 0.2; spread 0.25. Confidence = median of lens confidences.";"Gatún Lake level; rainfall"
Q-0039;01;2026-09-23;"AGG_RT";0.147;"low";"AGG 0.217 −0.07 (red-team adjustment accepted in stage 06, 05 §3): A without data; ACP tightens draught from 01.10, rainfall −34%, El Niño.";"Gatún Lake level; rainfall"
Q-0040;01;2026-09-23;"AGG";0.567;"low";"Mean of lenses A 0.4 / B 0.75 / C 0.55; spread 0.35. Confidence = median of lens confidences.";"shadow fleet movements; anchor incidents; NATO patrols"
Q-0040;01;2026-09-23;"AGG_RT";0.667;"low";"AGG 0.567 +0.10 (red-team adjustment accepted in stage 06, 05 §3): lens B reference class: an incident with an investigation in each of the last 3 winters; A without an argument for NO.";"shadow fleet movements; anchor incidents; NATO patrols"
Q-0041;01;2026-09-23;"AGG";0.06;"medium";"Mean of lenses A 0.05 / B 0.08 / C 0.05; spread 0.03. Confidence = median of lens confidences.";"CENTCOM statements; breakdown of talks"
Q-0041;01;2026-09-23;"AGG_RT";0.06;"medium";"AGG without red-team adjustment (05 §3); AGG_RT = AGG 0.06.";"CENTCOM statements; breakdown of talks"
Q-0042;01;2026-09-23;"AGG";0.483;"low";"Mean of lenses A 0.55 / B 0.45 / C 0.45; spread 0.10. Confidence = median of lens confidences.";"Trump's announcement ""in the very near future"" (G4-005)"
Q-0042;01;2026-09-23;"AGG_RT";0.483;"low";"AGG without red-team adjustment (05 §3); AGG_RT = AGG 0.483.";"Trump's announcement ""in the very near future"" (G4-005)"
Q-0043;01;2026-09-23;"AGG";0.367;"low";"Mean of lenses A 0.4 / B 0.35 / C 0.35; spread 0.05. Confidence = median of lens confidences.";"Houthi offensive in Yemen; Saudi interceptor stocks"
Q-0043;01;2026-09-23;"AGG_RT";0.367;"low";"AGG without red-team adjustment (05 §3); AGG_RT = AGG 0.367.";"Houthi offensive in Yemen; Saudi interceptor stocks"
Q-0044;01;2026-09-23;"AGG";0.2;"low";"Mean of lenses A 0.2 / B 0.2 / C 0.2; spread 0.00. Confidence = median of lens confidences.";"Trump's announcement ""very soon"" (G1-025)"
Q-0044;01;2026-09-23;"AGG_RT";0.2;"low";"AGG without red-team adjustment (05 §3); AGG_RT = AGG 0.2.";"Trump's announcement ""very soon"" (G1-025)"
Q-0045;01;2026-09-23;"AGG";0.183;"low";"Mean of lenses A 0.25 / B 0.15 / C 0.15; spread 0.10. Confidence = median of lens confidences.";"Russian attacks on western Ukraine; interceptions over the Baltic"
Q-0045;01;2026-09-23;"AGG_RT";0.183;"low";"AGG without red-team adjustment (05 §3); AGG_RT = AGG 0.183.";"Russian attacks on western Ukraine; interceptions over the Baltic"
Q-0046;01;2026-09-23;"AGG";0.45;"low";"Mean of lenses A 0.5 / B 0.45 / C 0.4; spread 0.10. Confidence = median of lens confidences.";"US–ROK exercises; launches on 12.09 and 20.09 (G1-057)"
Q-0046;01;2026-09-23;"AGG_RT";0.45;"low";"AGG without red-team adjustment (05 §3); AGG_RT = AGG 0.45.";"US–ROK exercises; launches on 12.09 and 20.09 (G1-057)"
Q-0047;01;2026-09-23;"AGG";0.45;"low";"Mean of lenses A 0.4 / B 0.4 / C 0.55; spread 0.15. Confidence = median of lens confidences.";"outcome of the 24.09 summit; arms package for Taiwan"
Q-0047;01;2026-09-23;"AGG_RT";0.45;"low";"AGG without red-team adjustment (05 §3); AGG_RT = AGG 0.45.";"outcome of the 24.09 summit; arms package for Taiwan"
Q-0048;01;2026-09-23;"AGG";0.373;"low";"Mean of lenses A 0.35 / B 0.37 / C 0.4; spread 0.05. Confidence = median of lens confidences.";"signals from Iran; weather; injection"
Q-0048;01;2026-09-23;"AGG_RT";0.373;"low";"AGG without red-team adjustment (05 §3); AGG_RT = AGG 0.373.";"signals from Iran; weather; injection"
Q-0049;01;2026-09-23;"AGG";0.617;"low";"Mean of lenses A 0.7 / B 0.6 / C 0.55; spread 0.15. Confidence = median of lens confidences.";"injection rate (2790 GWh/d 7-day, G2-017)"
Q-0049;01;2026-09-23;"AGG_RT";0.617;"low";"AGG without red-team adjustment (05 §3); AGG_RT = AGG 0.617.";"injection rate (2790 GWh/d 7-day, G2-017)"
Q-0050;01;2026-09-23;"AGG";0.333;"low";"Mean of lenses A 0.3 / B 0.35 / C 0.35; spread 0.05. Confidence = median of lens confidences.";"Orlen wholesale prices; Brent; diesel margins"
Q-0050;01;2026-09-23;"AGG_RT";0.383;"low";"AGG 0.333 +0.05 (red-team adjustment accepted in stage 06, 05 §3): state on 23.09: 8.99 PLN/l (C-04) against the 9.00 threshold; A and B started from 8.89 PLN/l.";"Orlen wholesale prices; Brent; diesel margins"
Q-0051;01;2026-09-23;"AGG";0.283;"low";"Mean of lenses A 0.3 / B 0.3 / C 0.25; spread 0.05. Confidence = median of lens confidences.";"Brent; transits through Hormuz; Novak's position"
Q-0051;01;2026-09-23;"AGG_RT";0.283;"low";"AGG without red-team adjustment (05 §3); AGG_RT = AGG 0.283.";"Brent; transits through Hormuz; Novak's position"
Q-0052;01;2026-09-23;"AGG";0.457;"low";"Mean of lenses A 0.45 / B 0.47 / C 0.45; spread 0.02. Confidence = median of lens confidences.";"MPC decision 07.10; risk aversion; NBP–ECB rate differential"
Q-0052;01;2026-09-23;"AGG_RT";0.457;"low";"AGG without red-team adjustment (05 §3); AGG_RT = AGG 0.457.";"MPC decision 07.10; risk aversion; NBP–ECB rate differential"
Q-0053;01;2026-09-23;"AGG";0.49;"low";"Mean of lenses A 0.5 / B 0.45 / C 0.52; spread 0.07. Confidence = median of lens confidences.";"government meeting 24.09; defence spending"
Q-0053;01;2026-09-23;"AGG_RT";0.49;"low";"AGG without red-team adjustment (05 §3); AGG_RT = AGG 0.49.";"government meeting 24.09; defence spending"
Q-0054;01;2026-09-23;"AGG";0.82;"medium";"Mean of lenses A 0.85 / B 0.68 / C 0.93; spread 0.25. Confidence = median of lens confidences.";"final CEC results (approx. 25.09)"
Q-0054;01;2026-09-23;"AGG_RT";0.94;"medium";"AGG 0.82 +0.12 (red-team adjustment accepted in stage 06, 05 §3): the SR result rose with the count, Meduza report of added votes; B did not have C-01.";"final CEC results (approx. 25.09)"
Q-0055;01;2026-09-23;"AGG";0.817;"medium";"Mean of lenses A 0.75 / B 0.88 / C 0.82; spread 0.13. Confidence = median of lens confidences.";"SKDS polls; turnout"
Q-0055;01;2026-09-23;"AGG_RT";0.817;"medium";"AGG without red-team adjustment (05 §3); AGG_RT = AGG 0.817.";"SKDS polls; turnout"
Q-0056;01;2026-09-23;"AGG";0.063;"medium";"Mean of lenses A 0.08 / B 0.04 / C 0.07; spread 0.04. Confidence = median of lens confidences.";"first-round polls (Lula 39%, G4-033)"
Q-0056;01;2026-09-23;"AGG_RT";0.063;"medium";"AGG without red-team adjustment (05 §3); AGG_RT = AGG 0.063.";"first-round polls (Lula 39%, G4-033)"
Q-0057;01;2026-09-23;"AGG";0.13;"medium";"Mean of lenses A 0.12 / B 0.12 / C 0.15; spread 0.03. Confidence = median of lens confidences.";"outcome of the 24.09 summit"
Q-0057;01;2026-09-23;"AGG_RT";0.13;"medium";"AGG without red-team adjustment (05 §3); AGG_RT = AGG 0.13.";"outcome of the 24.09 summit"
Q-0058;01;2026-09-23;"AGG";0.45;"low";"Mean of lenses A 0.45 / B 0.45 / C 0.45; spread 0.00. Confidence = median of lens confidences.";"statements after the 24.09 summit"
Q-0058;01;2026-09-23;"AGG_RT";0.45;"low";"AGG without red-team adjustment (05 §3); AGG_RT = AGG 0.45.";"statements after the 24.09 summit"
Q-0059;01;2026-09-23;"AGG";0.117;"medium";"Mean of lenses A 0.15 / B 0.1 / C 0.1; spread 0.05. Confidence = median of lens confidences.";"Rubio–Lavrov talks; strikes on refineries and the power grid"
Q-0059;01;2026-09-23;"AGG_RT";0.117;"medium";"AGG without red-team adjustment (05 §3); AGG_RT = AGG 0.117.";"Rubio–Lavrov talks; strikes on refineries and the power grid"
Q-0060;01;2026-09-23;"AGG";0.56;"low";"Mean of lenses A 0.55 / B 0.68 / C 0.45; spread 0.23. Confidence = median of lens confidences.";"outcome of the 24.09 summit; Operation Economic Outcast"
Q-0060;01;2026-09-23;"AGG_RT";0.56;"low";"AGG without red-team adjustment (05 §3); AGG_RT = AGG 0.56.";"outcome of the 24.09 summit; Operation Economic Outcast"
Q-0061;01;2026-09-23;"AGG";0.217;"low";"Mean of lenses A 0.25 / B 0.15 / C 0.25; spread 0.10. Confidence = median of lens confidences.";"30-day deadline under H.R. 5334 (approx. 18.10); Rubio–Lavrov talks"
Q-0061;01;2026-09-23;"AGG_RT";0.217;"low";"AGG without red-team adjustment (05 §3); AGG_RT = AGG 0.217.";"30-day deadline under H.R. 5334 (approx. 18.10); Rubio–Lavrov talks"
Q-0062;01;2026-09-23;"AGG";0.433;"low";"Mean of lenses A 0.45 / B 0.45 / C 0.4; spread 0.05. Confidence = median of lens confidences.";"Houthi offensive; blockade of Saudi ports"
Q-0062;01;2026-09-23;"AGG_RT";0.513;"low";"AGG 0.433 +0.08 (red-team adjustment accepted in stage 06, 05 §3): lack of data for IX treated as absence of events; VII–VIII pace of 2–3 events/month.";"Houthi offensive; blockade of Saudi ports"
Q-0063;01;2026-09-23;"AGG";0.417;"low";"Mean of lenses A 0.45 / B 0.4 / C 0.4; spread 0.05. Confidence = median of lens confidences.";"US–Iran talks; IRGC position"
Q-0063;01;2026-09-23;"AGG_RT";0.417;"low";"AGG without red-team adjustment (05 §3); AGG_RT = AGG 0.417.";"US–Iran talks; IRGC position"
Q-0064;01;2026-09-23;"AGG";0.267;"low";"Mean of lenses A 0.25 / B 0.25 / C 0.3; spread 0.05. Confidence = median of lens confidences.";"Trump–Zelensky talks 22.09"
Q-0064;01;2026-09-23;"AGG_RT";0.267;"low";"AGG without red-team adjustment (05 §3); AGG_RT = AGG 0.267.";"Trump–Zelensky talks 22.09"
Q-0065;01;2026-09-23;"AGG";0.26;"low";"Mean of lenses A 0.25 / B 0.28 / C 0.25; spread 0.03. Confidence = median of lens confidences.";"CENTCOM statements; fate of the US–Iran talks"
Q-0065;01;2026-09-23;"AGG_RT";0.26;"low";"AGG without red-team adjustment (05 §3); AGG_RT = AGG 0.26.";"CENTCOM statements; fate of the US–Iran talks"
Q-0066;01;2026-09-23;"AGG";0.333;"low";"Mean of lenses A 0.3 / B 0.4 / C 0.3; spread 0.10. Confidence = median of lens confidences.";"PCE and CPI inflation; energy prices"
Q-0066;01;2026-09-23;"AGG_RT";0.333;"low";"AGG without red-team adjustment (05 §3); AGG_RT = AGG 0.333.";"PCE and CPI inflation; energy prices"
Q-0067;01;2026-09-23;"AGG";0.35;"medium";"Mean of lenses A 0.3 / B 0.45 / C 0.3; spread 0.15. Confidence = median of lens confidences.";"injection rate; TTF; LNG"
Q-0067;01;2026-09-23;"AGG_RT";0.35;"medium";"AGG without red-team adjustment (05 §3); AGG_RT = AGG 0.35.";"injection rate; TTF; LNG"
Q-0068;01;2026-09-23;"AGG";0.233;"low";"Mean of lenses A 0.25 / B 0.25 / C 0.2; spread 0.05. Confidence = median of lens confidences.";"Houthi attacks on Saudi Arabia; Iran's Yemen condition"
Q-0068;01;2026-09-23;"AGG_RT";0.233;"low";"AGG without red-team adjustment (05 §3); AGG_RT = AGG 0.233.";"Houthi attacks on Saudi Arabia; Iran's Yemen condition"
Q-0069;01;2026-09-23;"AGG";0.167;"low";"Mean of lenses A 0.15 / B 0.15 / C 0.2; spread 0.05. Confidence = median of lens confidences.";"outcome of the 24.09 summit; APEC 18–19.11; G20 XII"
Q-0069;01;2026-09-23;"AGG_RT";0.167;"low";"AGG without red-team adjustment (05 §3); AGG_RT = AGG 0.167.";"outcome of the 24.09 summit; APEC 18–19.11; G20 XII"
Q-0070;01;2026-09-23;"AGG";0.31;"low";"Mean of lenses A 0.3 / B 0.33 / C 0.3; spread 0.03. Confidence = median of lens confidences.";"general government deficit approx. 7% of GDP; 2027 budget"
Q-0070;01;2026-09-23;"AGG_RT";0.31;"low";"AGG without red-team adjustment (05 §3); AGG_RT = AGG 0.31.";"general government deficit approx. 7% of GDP; 2027 budget"
Q-0071;01;2026-09-23;"AGG";0.173;"low";"Mean of lenses A 0.2 / B 0.12 / C 0.2; spread 0.08. Confidence = median of lens confidences.";"Ukraine's 2027 funding gap; position of Belgium and Euroclear"
Q-0071;01;2026-09-23;"AGG_RT";0.173;"low";"AGG without red-team adjustment (05 §3); AGG_RT = AGG 0.173.";"Ukraine's 2027 funding gap; position of Belgium and Euroclear"
Q-0072;01;2026-09-23;"AGG";0.13;"medium";"Mean of lenses A 0.12 / B 0.15 / C 0.12; spread 0.03. Confidence = median of lens confidences.";"constitutional referendum in Armenia (2027); TRIPP"
Q-0072;01;2026-09-23;"AGG_RT";0.13;"medium";"AGG without red-team adjustment (05 §3); AGG_RT = AGG 0.13.";"constitutional referendum in Armenia (2027); TRIPP"
Q-0073;01;2026-09-23;"AGG";0.117;"medium";"Mean of lenses A 0.1 / B 0.1 / C 0.15; spread 0.05. Confidence = median of lens confidences.";"ISW and DeepState maps; Dobropillia–Kramatorsk road"
Q-0073;01;2026-09-23;"AGG_RT";0.117;"medium";"AGG without red-team adjustment (05 §3); AGG_RT = AGG 0.117.";"ISW and DeepState maps; Dobropillia–Kramatorsk road"
Q-0001;02;2026-10-09;"A";0.03;"high";"Putin decides; the Kremlin is budgeting the war through taxes and a 17.15 trn RUB defence line (G3-016) rather than through manpower shocks, and the front is a contested balance, not a collapse (G1-043/044) — a mobilisation decree has a high domestic cost and no compelling payoff by 31.12.";"collapse of a front sector; fall in contract recruitment"
Q-0002;02;2026-10-09;"A";0.06;"medium";"Moscow's maritime campaign against cargo for Ukraine now hits ships in NATO EEZs (G1-031, G1-032), but the criterion needs a death on NATO land, territorial waters or airspace with government attribution to Russia; Russia gains nothing from a lethal NATO-attributed incident (KA4), so the risk stays on the accident side.";"drone/missile debris on Romanian or Polish soil; Black Sea strikes close to territorial waters"
Q-0003;02;2026-10-09;"A";0.30;"low";"Hegseth wants to shift resources to the Western Hemisphere (G1-038), but the review end slipped to December, both FY2027 NDAA bills carry a 76k floor, and Trump is simultaneously trading base offers with Poland and Lithuania (G1-037, G1-040) — a formal net cut of ≥10k by 31.03.2027 pays less than keeping forces as a bargaining chip.";"posture review outcome (XII); FY2027 NDAA text"
Q-0004;02;2026-10-09;"A";0.13;"medium";"Russia wants visible gains before winter, but Ukraine's Vivaldi counteroffensive near Lyman and ISW's net Ukrainian gain in IX (G1-044, G1-045) show no breakthrough capacity; DeepState's first monthly figures run low (IX first published at 66 km²) and it is still holding back 270–320 km² of Ukrainian gains (G1-043).";"DeepState weekly pace; publication of withheld Ukrainian gains"
Q-0005;02;2026-10-09;"A";0.25;"medium";"Beijing is in a détente cycle (summit, truce to 10.01.2027, APEC Shenzhen) and pressures the Philippines instead of Taiwan (G1-055); named drills come after a trigger — unblocking of the 14 bn USD package, a Lai gesture — and the 6-month window includes the post-APEC period when the package could move.";"DSCA decision on the Taiwan package; Lai transits and speeches"
Q-0007;02;2026-10-09;"A";0.20;"medium";"Trump has publicly ruled out an attack on Iran before 03.11 (A-03), but officials and the carrier build-up place strike options after the elections (G1-009, G1-010); Iran answers with tanker strikes and a clearance regime (G1-002, G1-004) and the Houthis keep firing at Riyadh (A-04) — a settlement above 120 needs that post-election escalation to hit Gulf export capacity.";"CENTCOM strike statement after 03.11; Yanbu/East–West hits"
Q-0008;02;2026-10-09;"A";0.09;"medium";"A fall below 80 needs a deal plus physical reopening; the sides disagree on sequencing (G4-002), Iran's mandate is contested (G4-009) and the US plans for post-election strikes — both prefer holding leverage to a quick deal before December.";"US–Iran agreement; Hormuz AIS transits"
Q-0009;02;2026-10-09;"A";0.33;"low";"TTF is already near 78–80 (G2-014, A-12) with EU storage at a record low for the date (A-07) and Qatar's force majeure extended (G2-021); any post-election escalation in the Gulf or a cold spell lifts the front month above 90 on some day — the lens adds the political trigger, not the weather.";"US–Iran track after 03.11; Qatari LNG flows; NW Europe temperatures"
Q-0010;02;2026-10-09;"A";0.42;"low";"The lens says little: the outcome depends on weather and withdrawals; storage enters November near 78% (A-07, below the earlier projection path) and Germany near 59%, so a normal November–December draw lands close to 55%; high prices curb demand.";"AGSI+ level on 01.11; weather XI–XII"
Q-0012;02;2026-10-09;"A";0.20;"medium";"H.R. 5334 obliges a decision by 18.10, but Trump ""leaves every decision till the end"" (G3-003) and holding the threat over India and Turkey pays more than using it while trade talks with India are deadlocked (G3-005) and China is in a truce; Trump did use a Russian-oil penalty tariff on India in 2025 (G3-004), so the option is real.";"18.10 deadline; notice to Congress; India–US trade talks"
Q-0015;02;2026-10-09;"A";0.12;"medium";"Washington already got its terms from the EU; a tariff above the 15% ceiling would be a punishment in a new dispute (diesel stocks, digital rules), and the EU's rapid-response instrument targets China (G2-043) — no equilibrium shift visible.";"US–EU diesel and digital disputes; Sec. 113 use against EU members"
Q-0016;02;2026-10-09;"A";0.25;"medium";"Glapiński controls the MPC and said on 08.10 he does not expect a November hike, though he cannot exclude one, and expects inflation to return within the band in October thanks to the fuel caps (A-02); a December move needs a hawkish November projection — the governor's own signal outweighs economists' November call.";"NBP projection (XI); October flash CPI; EUR/PLN"
Q-0017;02;2026-10-09;"A";0.48;"low";"The lens says little (technical institution); the ECB hiked in June and September on a quarterly rhythm with new projections, Lane calls the energy second wave an upside risk but long yields already tighten (G3-076) — December with new projections is the natural slot.";"HICP X flash; ECB December projections"
Q-0018;02;2026-10-09;"A";0.08;"medium";"Listing a mainland PRC bank would break the truce both sides extended to 10.01.2027 and plan to extend again (G3-010); OFAC keeps targeting Hong Kong and peripheral firms for Iran (G3-026) — the equilibrium is peripheral listings unless the truce collapses.";"truce extension beyond 10.01.2027; OFAC Iran actions"
Q-0019;02;2026-10-09;"A";0.60;"low";"Most member states want pressure and the listings track already passed Coreper (G3-022); the sectoral 22nd package is expected in November (G3-024), and some actors already label the listings as ""the 22nd package"" (G3-023) — two paths to a Council statement naming it by 31.12, with Hungary and Slovakia as the brake.";"Council press release of 12.10; Commission sectoral proposal"
Q-0020;02;2026-10-09;"A";0.10;"medium";"The Bank of Russia decides autonomously; inflation (about 7.1–7.2%) is above its 2026 range after the utilities indexation (G3-067), FX purchases ×5 weaken the rouble (G3-019, G3-020), and Russian bank analysts expect a hold on 23.10 (A-09) — the Kremlin's wish for cheap credit does not override this at a ""key"" meeting.";"weekly CPI; rouble; medium-term forecast 23.10"
Q-0021;02;2026-10-09;"A";0.72;"medium";"MOFCOM itself announced that the Kuala Lumpur arrangement, including ""related Chinese export controls"", is extended to 10.01.2027 (G3-010); in 2025 the commitment was followed by a separate legal announcement (07.11.2025; G2-041) — amending the 10.11 date costs Beijing nothing and keeps the truce, while letting it lapse would hand Washington a pretext; the residual risk is a quiet licensing regime instead of a published extension.";"MOFCOM announcement before 10.11; US Federal Register notices"
Q-0022;02;2026-10-09;"A";0.68;"medium";"Same logic as Q-0021, 17 days later: the Ga/Ge/Sb suspension belongs to the same package; Beijing could keep it as a separate card against a Taiwan arms decision, which keeps it a little below Q-0021.";"rare-earth decision before 10.11; DSCA–Taiwan"
Q-0023;02;2026-10-09;"A";0.28;"medium";"MOFCOM listings are Beijing's quick retaliation tool (last 22.06), but in the summit cycle it did not react even to H.R. 5334 (G3-059) or the F-16V delivery beyond words (G1-054); triggers would be a DSCA notification for Taiwan or duties under H.R. 5334 — both unlikely before APEC.";"DSCA–Taiwan; H.R. 5334 duties; truce talks"
Q-0024;02;2026-10-09;"A";0.13;"medium";"Trump treats chips as currency and an AI dialogue meets by end-XI (G3-010), but Congress hawks and the smuggling enforcement case (G2-046) raise the cost of a Blackwell licence, and Beijing steers firms to domestic chips — little payoff for either side by 31.12.";"AI dialogue outcome; BIS licensing decisions"
Q-0025;02;2026-10-09;"A";0.50;"low";"The lens reads magnet exports as a political lever: the August drop preceded the summit, and September contained the summit and the truce extension — Beijing had a reason to show goodwill, but FT reports it meets only about two-thirds of delivery commitments (G2-041); a coin flip with a slight political tilt toward recovery offset by that report.";"GAC data for IX (about 20.10)"
Q-0026;02;2026-10-09;"A";0.30;"low";"Washington wants a technical trilateral by end-X and Kyiv agreed (G4-021), but Moscow says ""no current plans"" and uses the format as a reward (G4-022) while keeping the bilateral channel (G4-020); Moscow's incentive to grant it rises only if Trump waives H.R. 5334 duties or a Putin–Trump call trades it. Trilateral rounds did take place earlier in 2026, so the format is not dead.";"Kremlin readout of a Putin–Trump call; date and venue (UAE)"
Q-0027;02;2026-10-09;"A";0.12;"medium";"Flank states have absorbed ships sunk in their EEZs without Article 4 (G1-031, G1-032) and respond nationally (G1-026, G1-027); a request needs an attributed incident with casualties on their territory — the Black Sea campaign makes that a little more likely than in edition 01.";"attribution of Black Sea strikes; incidents on NATO land"
Q-0028;02;2026-10-09;"A";0.20;"low";"Trump's pre-election no-strike pledge and ""productive discussions"" (A-03) keep the track alive and Iran will answer the US proposal within days (A-06), but the sides differ on sequencing, Iran's negotiator faces impeachment for the last direct contact (G4-009), and Washington prepares post-election strikes — the equilibrium to December is coercion, not a signed text.";"Iran's reply; face-to-face round; Majlis action on Araghchi"
Q-0029;02;2026-10-09;"A";0.65;"low";"The White House fact sheet lists mutual attendance at APEC and the G20 (G3-008); Trump needs a venue to extend the truce beyond 10.01.2027 and Xi as host can deliver it — against: the date falls two weeks after the midterms and the post-election Iran window, and FT reports part of the summit may move online (G4-077).";"White House schedule; APEC format; truce talks"
Q-0030;02;2026-10-09;"A";0.30;"low";"Putin wants a summit as legitimisation without concessions, Trump a deal; the Kremlin floats Putin–Trump–Xi at APEC (G4-027) — if both go to Shenzhen a meeting is likely, otherwise Washington avoids a summit without a ready outcome (Budapest precedent).";"Putin and Trump APEC attendance; trilateral talks"
Q-0031;02;2026-10-09;"A";0.12;"medium";"The lens says little about elections; Trump's approval at a record-equal 32% and a generic ballot of about D+7 (G4-045) outweigh redistricting gains, and campaign promises of payments have not moved the numbers — keeping the majority would need a reversal within four weeks.";"generic ballot; presidential approval"
Q-0032;02;2026-10-09;"A";0.13;"low";"For the regime a recording brings legitimacy but reveals health and location; the Supreme Leader keeps issuing written messages only (G4-012), even at a moment when the leadership's negotiating mandate is disputed — the cost of exposure still exceeds the gain.";"statements of the Supreme Leader's office"
Q-0033;02;2026-10-09;"A";0.30;"medium";"The right consolidated around Flávio Bolsonaro after his first-round lead (47.03 vs 45.16; G4-029) with Caiado and Zema endorsing him (G4-030) and Trump openly backing him (G4-031); the first runoff Datafolha gives him 52–48 of valid votes (A-01) — Lula's incumbency is not enough to close a gap the polls had already understated.";"Datafolha and Quaest runoff polls; turnout"
Q-0034;02;2026-10-09;"A";0.28;"low";"Rodríguez gains from delay, Washington prioritises oil and stability (G4-067); the opposition's own sequence (TSJ in XI, CNE in XII; G4-066) leaves only about three months for a new CNE to publish a calendar — possible if Washington pushes for a 2027 vote.";"election of new CNE rectors; US position"
Q-0035;02;2026-10-09;"A";0.06;"medium";"The junta regained Kidal with Africa Corps (G4-060) and Moscow has a stake in its survival; JNIM prefers siege income to storming Bamako and no internal challenger is visible.";"fuel blockade of Bamako; Africa Corps posture"
Q-0036;02;2026-10-09;"A";0.16;"low";"AIS-visible traffic above 40 needs an agreement that also ends the IRGC clearance regime (G1-004) — both Washington's blockade and Tehran's route rule are bargaining chips neither releases without a deal (deal path about 0.2 here, Q-0028); dark/escorted traffic does not count.";"IRGC route rule; blockade; AIS transits"
Q-0037;02;2026-10-09;"A";0.02;"high";"Published PortWatch rows to 04.10 show at most 5 transits a day and no rows after 04.10 (A-13); with the IRGC route rule and tanker strikes, 20 AIS transits on 05–07.10 would require a sudden opening that did not happen.";"PortWatch rows 05–07.10"
Q-0038;02;2026-10-09;"A";0.18;"low";"The blockade is Washington's main lever and Iran's first condition (G4-002); with talks indirect and post-election strikes planned, the US gives it up only inside a package — slightly below the deal probability because Washington wants opening first.";"Iran's reply; US statements on sequencing"
Q-0039;02;2026-10-09;"A";0.92;"medium";"The lens says nothing here; the ACP advisory of 28.09 sets 33 daily slots from 15.10 (G1-061) — only a withdrawal of the advisory (e.g. a sudden drop in Gatún Lake) would make it NO.";"ACP advisories; Gatún Lake level"
Q-0040;02;2026-10-09;"A";0.40;"low";"Russia keeps hybrid pressure in the Baltic and the shadow fleet is under growing sanction pressure (Japan, UK; G3-029, G3-070); after the 2024–25 series, Baltic states open proceedings quickly — a winter half-year makes an anchor or cable incident with an investigation a realistic scenario.";"anchor incidents; detentions of shadow-fleet ships"
Q-0049;02;2026-10-09;"A";0.08;"medium";"The lens says nothing here; a direct AGSI+ read reported by GEF gives 72.97% for gas day 06.10 (A-07), just under 73.0 — YES only if the first AGSI+ publication differs from that read.";"first AGSI+ value for 06.10"
Q-0065;02;2026-10-09;"A";0.33;"low";"Trump ruled out an attack before 03.11 (A-03), but officials say bombing is expected to resume after the midterms and a third carrier group plus 9–10k personnel arrive by end-XI (G1-009, G1-010); unless Iran's reply concedes on sequencing and enrichment (G4-007), the coercive equilibrium after 03.11 includes strikes; the IRGC also has an incentive to provoke.";"Iran's reply; carriers in CENTCOM area; election result"
Q-0066;02;2026-10-09;"A";0.18;"medium";"The FOMC minutes favour another hike by year-end (G3-033), but after them Williams sees ""no need for urgency"", Jefferson wants more time and Waller does not need back-to-back moves (A-14); a hike a week before the elections under open White House pressure (G3-078) carries an institutional cost the committee avoids when December is available.";"CPI IX (14.10); Fed speakers"
Q-0067;02;2026-10-09;"A";0.08;"medium";"The lens says nothing here; at about +0.21 pp/day from 72.97% (A-07) storage reaches about 78% by 01.11, while 80% needs about +0.27 pp/day for 26 days.";"AGSI+ injection pace"
Q-0068;02;2026-10-09;"A";0.27;"low";"Trump refused Saudi requests to strike the Houthis and lets the Mecca Alliance carry the war (G1-020, G1-021); the equilibrium shifts if the US resumes strikes on Iran after 03.11 (Houthis then a likely co-target) or the Houthis hit US ships.";"US–Iran escalation after 03.11; Houthi attacks on US units"
Q-0069;02;2026-10-09;"A";0.12;"medium";"The 14 bn USD Taiwan package is Trump's card for APEC Shenzhen and a further truce extension; releasing it before 31.12 would cost him both, unless relations collapse or Congress forces it.";"APEC outcome; truce extension; DSCA notifications"
Q-0070;02;2026-10-09;"A";0.28;"low";"The lens says little; Fitch has a negative outlook and the government, facing 2027 elections, rejects the Fiscal Council's criticism and promises only gradual consolidation (G3-046, G3-047) — a Fitch downgrade at its early-2027 review is realistic; S&P from stable would first change the outlook.";"Fitch review (early 2027); 2027 budget"
Q-0071;02;2026-10-09;"A";0.18;"low";"Belgium and Euroclear carry the legal risk and the Commission refused even to front-load the 90 bn EUR loan (G3-053); pressure rises with Ukraine's 2027 gap of about 32.6 bn USD (G3-054), but without guarantees for Belgium the equilibrium stays ""a concept, not a plan"".";"Belgium's position; Ukraine's 2027 financing gap"
Q-0072;02;2026-10-09;"A";0.12;"medium";"Baku conditions signature on Armenia's constitutional change and time works for Aliyev; new frictions (detained soldier, G4-072) and Iran's objection to TRIPP (G4-071) add no reason for an early signature.";"Armenian referendum date; TRIPP progress"
Q-0073;02;2026-10-09;"A";0.07;"medium";"Kramatorsk and Sloviansk are Russian war aims, but Ukraine's counteroffensive halted the push toward their rear (G1-045) and Kostiantynivka has not fallen (G1-046); taking a whole agglomeration city by 30.06.2027 needs a collapse not in sight.";"ISW/DeepState maps; Kostiantynivka"
Q-0074;02;2026-10-09;"A";0.65;"low";"Brent rose to about 105 on 08.10 after Houthi missile fire at Riyadh (A-04, A-05); Trump's no-strike pledge until 03.11 caps the escalation premium, but no side has a move that removes the physical tightness (spot 114–121, G2-003) before 20.10 — only a surprise deal signal from Iran's reply would push the front month back below 100.";"Iran's reply; Houthi strikes on Saudi energy; Brent settlement"
Q-0075;02;2026-10-09;"A";0.68;"medium";"The government reinstated VAT and excise cuts with daily price caps from 03.10 (G2-026), cutting pump prices by about 1.3–1.4 PLN/l (G2-027), and the NBP governor expects inflation back within the band in October (A-02) — the remaining risk is that the band edge (3.5% counts as NO) or rising caps (diesel 8.06 from 10.10, A-11) keep the flash at or above 3.5.";"GUS flash for X (about 30.10); maximum fuel prices"
Q-0076;02;2026-10-09;"A";0.55;"low";"The lens says little; September's rise came from cereals and sugar under Black Sea and Hormuz disruption (G2-036), and Russia keeps striking ships carrying Ukrainian cargo (G1-033) while Hormuz fertiliser flows stay restricted — a mild tilt toward a further rise.";"FAO cereal and sugar sub-indices; Black Sea shipping"
Q-0077;02;2026-10-09;"A";0.72;"medium";"Both governments extended the truce once and committed to seek a further extension through high-level contact before year-end (G3-010); APEC Shenzhen (XI) and the G20 in the US (XII) give two summit venues, and each side keeps its lever only as long as the truce runs — the threats are H.R. 5334 duties on China, a Taiwan arms decision, or post-election hawkishness.";"APEC Shenzhen outcome; Federal Register notices; MOFCOM statements"
Q-0078;02;2026-10-09;"A";0.07;"medium";"Ten days in which both regimes on the strait (US blockade, IRGC clearance rule) stay in place unless Iran's pending reply produces an immediate opening; AIS-visible traffic sat at 0–5/day through 04.10 (G1-001, A-13).";"Iran's reply; IRGC statements on the route rule"
Q-0079;02;2026-10-09;"A";0.22;"low";"Traffic has been stable at 22–37 a day despite the Houthi–Saudi war (G1-012); the Houthis' incentive is to hit Saudi targets, not to close the strait to everyone, but fighting at Dhubab and a renewed shipping campaign could push one day under 20 — partly noise in daily counts.";"Houthi attacks on shipping; Dhubab/Mocha fighting"
Q-0080;02;2026-10-09;"A";0.55;"low";"The Houthis answer the Saudi-led ""Yemeni Dawn"" offensive with near-daily missile and drone fire at Saudi airports — 3 killed on 06–07.10 (G1-018), missiles at Riyadh again on 08.10 with debris damage (A-04); Riyadh's air defence intercepts most, but two weeks of this campaign make another fatality more likely than not.";"Saudi GACA/coalition casualty statements"
Q-0081;02;2026-10-09;"A";0.12;"medium";"The last direct contact (22.09) triggered an impeachment motion against Araghchi (G4-009), so Tehran's MFA cannot afford a same-room meeting before the Majlis dispute settles; Washington accepts the Qatari channel (G4-006) and plans post-election pressure — the equilibrium is indirect exchange of replies (A-06).";"Iran's reply; Qatari mediation format"
Q-0082;02;2026-10-09;"A";0.12;"medium";"Moscow said on 07.10 there are ""no current plans"" for the trilateral format (G4-022) and blames Kyiv; it would grant a meeting only as a reward, e.g. for a waiver under H.R. 5334 before 18.10 — possible but not visible by 09.10.";"Kremlin statements; Putin–Trump call"
Q-0083;02;2026-10-09;"A";0.90;"high";"Coreper, where sanctions need all 27 ambassadors, already agreed the 1,646 listings on 07.10 (G3-022); formal adoption at the Foreign Affairs Council on 12.10 is the usual follow-through — only a last-minute political hold could delay it past 21.10.";"Council press release 12.10"
Q-0084;02;2026-10-09;"A";0.36;"low";"TTF stood around 77–80 on 07–08.10 (G2-014, A-12), close to the threshold; Trump's pre-election no-strike pledge lowers the Gulf premium until 20.10, while storage at a record low (A-07), Qatar's force majeure and LNG strikes in Hormuz (G2-015) keep upside risk — slightly below even because the political trigger is on hold until 03.11.";"TTF settlement; Hormuz LNG transits; temperatures"
Q-0085;02;2026-10-09;"A";0.08;"medium";"The weekly average follows the daily maximum price set by the Energy Minister; the diesel cap rose to 8.06 PLN/l for 10–12.10 (A-11) with Brent near 105, and the government has no lever to push the formula down 0.36 PLN within ten days other than another tax cut, which is already at the EU minimum (G2-026).";"daily diesel maximum price; diesel cracks"
Q-0086;02;2026-10-09;"A";0.22;"low";"EUR/PLN traded 4.3588–4.3900 for two weeks and stood at 4.3775 on 09.10 (G3-045, A-10); the zloty moves with US yields and global risk, not Polish politics — a move above 4.40 by 21.10 needs a risk-off shock (Gulf escalation is on hold until 03.11) or a surprise from the S&P/MPC calendar, both after 21.10.";"UST10Y; global risk sentiment"
Q-0087;02;2026-10-09;"A";0.30;"low";"Beijing has kept Taiwan quiet during the summit cycle (peak 23 sorties; G1-053) and wants APEC Shenzhen to succeed; Lai's National Day address on 10.10 and a visit by three US House members (G4-078) are the usual triggers for a large ""joint combat readiness patrol"", which Beijing can stage without naming an exercise.";"PLA reaction to the 10.10 address; MND daily reports"
Q-0088;02;2026-10-09;"A";0.06;"medium";"The Bank of Russia paused rather than reversed; its baseline still has the 2027 average at 10.5–12.5% (G3-065) and Zabotkin said the draft budget fits its assumptions (G3-066); a hike would contradict the Kremlin's growth priority and needs an inflation shock beyond the one-off utilities indexation; analysts expect a hold (A-09).";"weekly CPI; inflation expectations; rouble"
Q-0089;02;2026-10-09;"A";0.15;"medium";"Beijing has no reason to publish early: in 2025 the legal suspension came as a separate announcement about a week after the deal (07.11.2025; G2-041), and holding the 10.11 date open until the US Federal Register notices on the affiliates rule and s.301 fees appear keeps its lever (G2-041, G3-011); publication by 21.10 would require a deliberate goodwill gesture.";"MOFCOM announcements; US Federal Register notices"
Q-0090;02;2026-10-09;"A";0.25;"low";"Duties on Russian goods cost Washington little and would satisfy the ""shall"" and bipartisan pressure (G3-001, G3-006), but Trump courts a deal with Putin (Lukoil assets channel, G4-020) and weighs sanctions relief for prisoner releases (G3-002) — a Sec. 115 waiver or silent delay keeps the lever; Wright: Trump decides at the end (G3-003).";"presidential actions around 18.10; waiver certification"
Q-0091;02;2026-10-09;"A";0.33;"low";"Sec. 103 of H.R. 5334 requires sanctions on Russian state banks within 30 days (G3-001), and OFAC designations are the cheapest visible compliance; but Russia designations stopped in the window (G3-026) and the administration keeps the bilateral channel open — compliance may come through directives or existing listings rather than new SDN entries.";"OFAC Recent Actions around 18.10"
Q-0092;02;2026-10-09;"A";0.25;"low";"The Houthis now concentrate on Saudi targets and the ground war at Dhubab (G1-015 – G1-018); a hit on a merchant ship is a cheaper escalation they have used before, and an attempted attack near Mokha on 04.10 (G1-022) shows the option is live — but no hit since 24.08.";"UKMTO/JMIC notices; Houthi statements on shipping"
Q-0093;02;2026-10-09;"A";0.25;"low";"The lens says little; Iotova, backed by PM Radev's party, leads with 41–45% of intending voters (G4-087) against a split opposition, but more than half of valid votes in round one needs consolidation that the government's falling confidence (39%) does not support.";"final Alpha Research and Market Links polls; turnout"
Q-0094;02;2026-10-09;"A";0.45;"low";"Netanyahu's campaign plays on security and the Iran war, but recent polls put Eisenkot's Yashar level with or ahead of Likud (Channel 13: 20–20; Zman Yisrael: 24–20; A-08), and a tie resolves NO; the average with Channel 14 has Likud one seat ahead (A-08).";"final-week polls; Iran escalation before 27.10"
Q-0095;02;2026-10-09;"A";0.45;"low";"The lens says little; Republicans hold 53 seats and Democrats need a net gain of four, which the map makes hard, but a 32% presidential approval and a generic ballot near D+7 (G4-045) point to a wave of the size that flips several Republican-held seats.";"polls in competitive Senate races; approval"
Q-0096;02;2026-10-09;"A";0.15;"low";"Hardliners use impeachment to constrain the negotiating mandate (G4-009, G4-011), but Araghchi's mission had prior approval per the SNSC secretary (G4-010) and the system needs a negotiator while talks run; removal becomes likely only if talks collapse into war after 03.11 and the Supreme Leader's office withdraws cover.";"referral to the Majlis presidium; US strikes after 03.11"
Q-0097;02;2026-10-09;"A";0.50;"low";"Russia and Belarus probe Poland with deniable means (Mi-8 on 23.09; G1-024) and Russia's mass strikes on western Ukraine continue (G1-047); Poland has had repeated confirmed violations, but none in the two weeks to 07.10 (G1-025) — over almost three months the probing logic and stray-drone risk make a confirmed violation about even.";"Russian strikes near the border; DO RSZ statements"
Q-0098;02;2026-10-09;"A";0.55;"low";"Moscow's MoD declares a campaign against ships carrying cargo for Ukraine (G1-033) and Putin refused to halt Black Sea strikes (G1-051); the Danube–Odesa route runs through Romanian, Bulgarian and Turkish waters, and Bulgaria already named a drone attack (G1-032) — only a Turkish/UN navigation deal (G4-026) would change the equilibrium; Romania may still decline to name a cause.";"Turkish/UN Black Sea talks; further strikes in NATO EEZs"
Q-0099;02;2026-10-09;"A";0.45;"low";"Officials planned three carriers and two amphibious groups around Iran by end-XI (G1-009) and Trump's pre-election pledge moves the strike option to after 03.11 (A-03), which makes the build-up useful; but George H.W. Bush has left the area (G1-057) and George Washington is a forward-deployed Japan carrier, so a third hull must be added on time.";"USNI Fleet Tracker; Roosevelt arrival; new carrier orders"
Q-0100;02;2026-10-09;"A";0.65;"low";"China is a safe venue for Putin and Beijing welcomes his attendance (G4-027); a chance to meet Trump in person (Putin–Trump–Xi idea) raises the payoff; against — part of the summit may move online (G4-077), and Putin may prefer to avoid a format where a Trump meeting without results looks like a snub.";"Ushakov statements; APEC format"
Q-0101;02;2026-10-09;"A";0.55;"low";"Hungary lifted its veto (G4-028) and Kyiv has a strong incentive to pass the minority-rights law that unlocks the next step; the December EUCO and the end of the Council presidency are the usual moment for an intergovernmental conference — the risk is the legislative timetable in Kyiv and new conditions from Budapest.";"Ukraine's minority-rights law; Council draft common position"
Q-0102;02;2026-10-09;"A";0.78;"medium";"The US side agreed to extend the Kuala Lumpur measures, incl. the affiliates rule, to 10.01.2027 (G3-010); without a Federal Register document the rule revives on 09.11 and Beijing would treat that as a breach — BIS followed through in 2025, so the main risk is a late or differently styled publication.";"Federal Register (BIS) before 09.11"
Q-0103;02;2026-10-09;"A";0.28;"low";"The lens says little; spot is about 89.4–89.9 and term at a record 96–97 (G2-048); Russia's offer to take Iran's enriched uranium (G2-049) and sanctions on Russian supply are slow-moving drivers — a jump above 95 at a month-end needs a supply shock.";"Cameco month-end spot; Russian enriched-uranium policy"
Q-0104;02;2026-10-09;"A";0.35;"low";"The sectoral package is expected in November at the earliest (G3-024), no formal Commission proposal is reported, and Hungary and Slovakia extract concessions on every sectoral package — adoption by 30.11 needs a fast track that EU sectoral packages rarely achieve.";"Commission proposal; RELEX progress"
Q-0105;02;2026-10-09;"A";0.40;"low";"The lens says little; S&P raised its deficit forecast to 7.0% (G3-049), Moody's and Fitch have already moved, and the government signals only gradual consolidation (G3-047) — an outlook change at the 06.11 review is close to even, slightly below because growth forecasts are rising (G3-048).";"S&P review 06.11; 2027 budget path"
Q-0106;02;2026-10-09;"A";0.08;"medium";"Trump used the export-ban threat to extract G7 stock releases and then dropped it (G2-008, G2-009); after 03.11 the electoral motive weakens, and industry opposes a ban — it returns only with a winter distillate crisis in the US Northeast.";"US distillate stocks; diesel prices"
Q-0107;02;2026-10-09;"A";0.25;"low";"The Commission says reduced VAT on fuel breaches the Directive (G2-028), but it sent only a warning letter for the earlier editions and opening an infringement against a temporary crisis measure that ends on 31.12 brings it political cost and little gain.";"Commission infringement packages X–XII; CPN duration"
Q-0108;02;2026-10-09;"A";0.12;"medium";"Both sides published the 30-for-30 lists as recommendations, and Greer says the US needs a legal process with public comment and no start date (G3-063); with each side keeping tariffs as leverage for the next extension, simultaneous effective cuts by 31.12 are unlikely.";"USTR Federal Register notice; Tariff Commission announcement"
Q-0109;02;2026-10-09;"A";0.50;"low";"Congress, not the Pentagon, decides: both chambers' FY2027 bills carry a 76,000 restriction (verification 09.10 in the question notes), which the administration's Western Hemisphere shift makes politically salient; the risks are the calendar (Senate back on 09.11, NDAA usually enacted in December) and a conference that softens the floor into reporting.";"conference text; enactment date"
Q-0110;02;2026-10-09;"A";0.10;"medium";"Putin's terms (rest of Donbas, neutrality; G4-019) are unacceptable to Kyiv and Russia is raising defence spending for 2027 (G3-015); a full ceasefire needs a change in the military or financial balance that is not in sight by 30.06.2027.";"Putin–Trump contacts; trilateral talks; front"
Q-0111;02;2026-10-09;"A";0.50;"low";"All three governments want the agreement in force, but Greenland's procedure is unclear and Naleraq opposes it (G4-054, G4-055); nine months is enough for parliamentary steps if the Inatsisartut spring session takes it up — no timetable yet.";"Inatsisartut agenda; Folketing procedure"
Q-0112;02;2026-10-09;"A";0.04;"medium";"The Fed guards its independence and a change to HKMA access would be a financial-sanctions step against China during a truce; a congressional letter (G3-064) creates no obligation.";"Fed reply to the Select Committee"
Q-0113;02;2026-10-09;"A";0.20;"low";"Kostiantynivka is the main Russian effort (G1-046) and Moscow wants a win before talks, but Ukraine has shown it can counterattack (G1-045) and ISW requires full control — six months make it possible, not likely.";"ISW and DeepState maps of Kostiantynivka"
Q-0114;02;2026-10-09;"A";0.30;"low";"Trump says the base ""could happen"" and Warsaw offers to pay (G1-037, G4-050), but the Pentagon review ends in December, and the base is now entangled with Polish party politics (G4-049) — Washington gains by keeping the location as leverage; an announcement needs a posture decision and a deal on costs.";"posture review outcome; Polish special law on the base"
Q-0115;02;2026-10-09;"A";0.22;"low";"A fall below 70 needs a US–Iran deal, physical reopening and Gulf exporters competing for share (Aramco's widest Asian discount, G2-050) — a plausible path within nine months, but the US prefers coercion first and stock rebuilding supports prices; EIA's 2027 average of 84 (G2-004) sits well above 70.";"US–Iran agreement; OPEC+ policy"
Q-0001;02;2026-10-07;"B";0.03;"medium";"Mobilisation decrees in this war: 1 in about 56 months → λ ≈ 0.018/month; t = 2.8 months → about 0.05; adj. down: contract recruitment continues, no reserve acts in the window.";"acts on the reserve on pravo.gov.ru"
Q-0002;02;2026-10-07;"B";0.06;"medium";"Deaths on NATO territory from Russian drones/missiles: 0 in about 44 months (Laplace ≈ 2%/month) → 2.8 months ≈ 0.06; adj. none: first deaths in NATO EEZs (05–06.10, cause DISP) raise the hazard, but EEZ is not territory.";"Black Sea strikes near RO/BG territorial waters"
Q-0003;02;2026-10-07;"B";0.33;"low";"Formal US posture reviews ending in an announced reduction (2020: 12k; V 2026: 5k) → BR about 0.4 for ≥10k within 6 months; adj. down: ≥10k net and ""decision, not option"", review end slipped to XII.";"Pentagon announcement after the posture review"
Q-0004;02;2026-10-07;"B";0.12;"medium";"DeepState monthly net Russian gain 2026: VI 84, VII 63, VIII 124, IX 154 (revised) — 0 of the last 4 months > 200; first prints are much lower than revisions (IX 66 → 154) → BR about 0.1–0.15; adj. slightly down for first-print resolution.";"DeepState October summary (first print)"
Q-0005;02;2026-10-07;"B";0.32;"low";"Named PLA exercises around Taiwan 2023–IX 2026: about 5 in 45 months (1.33/year) → 5.8 months ≈ 0.47; adj. down: none in 2026 so far, summit cycle with reciprocal visits (APEC XI).";"PLA Eastern Theater announcements; Lai speeches"
Q-0007;02;2026-10-07;"B";0.27;"low";"RW: Brent about 104 (09.10, B-05) to threshold 120 (+15%), about 58 sessions; σ 35–45% → touch 0.40–0.51; adj. down: daily settlement, mean reversion, futures have not settled above 110 since the war's first months.";"Brent front-month settlement"
Q-0008;02;2026-10-07;"B";0.14;"low";"RW: from about 104 to < 80 (−23%) in about 58 sessions; σ 35–45% → touch 0.12–0.23; adj. down: a fall to < 80 needs a reopened Hormuz (agreement BR about 0.15).";"US–Iran agreement; Hormuz flows"
Q-0009;02;2026-10-07;"B";0.45;"low";"RW: TTF about 80 (08.10, B-09) to > 90 (+12%) in about 57 sessions; σ 55% → touch ≈ 0.65; adj. down for daily settlement and mean reversion (IX peak 84 did not break 90).";"TTF front-month; NW Europe temperatures"
Q-0010;02;2026-10-07;"B";0.32;"medium";"EU storage drop 01.11 → 01.01 in 2021–2025: 12–24 pp (2 of 5 years ≥ 23 pp); start now projected about 76–77% (73.12% on 07.10, +0.15–0.20 pp/day) → < 55% needs a drop > 21–22 pp → BR about 0.35; adj. slightly down (high prices dampen demand).";"AGSI+ on 01.11; December temperatures"
Q-0012;02;2026-10-07;"B";0.10;"low";"New discretionary congressional sanctions authorities are rarely used against third countries within 3 months (CAATSA: about 3 years) → BR about 0.1–0.15; adj. down: the US eased Russian diesel sanctions on 09.10 (B-04).";"USTR ""countries described"" list; waiver certification"
Q-0015;02;2026-10-07;"B";0.12;"low";"US tariff agreements 2025–2026: breakdowns with a rate above the agreed ceiling are rare within 6 months → BR about 0.15; adj. down: no act in the window, ceiling in force since 01.07.";"USTR / Federal Register notices on EU goods"
Q-0016;02;2026-10-07;"B";0.30;"low";"MPC changes after guidance of ""stability"": rare within 2 meetings → BR about 0.1; adj. up: communiqué of 07.10 hardened (""ensuring"" inflation at target), CPI 4.0% above the band, economists expect a November hike, other central banks hiking.";"MPC 03–04.11 with the new projection"
Q-0017;02;2026-10-07;"B";0.55;"low";"ECB in this cycle hikes about once a quarter (VI, IX 2026) → a December step fits the pattern, BR about 0.5–0.6; adj. none: HICP 3.8% and ""measured response"" repeated, but ""no pre-commitment"" and long rates already tightening.";"HICP X flash; ECB 29.10 and 17.12"
Q-0018;02;2026-10-07;"B";0.07;"medium";"SDN listings of mainland PRC banks: isolated cases over a decade (2012, 2017) → 5.8 months ≈ 0.05; adj. slightly up for the Iran war and H.R. 5334, down for the extended truce.";"OFAC actions against PRC entities"
Q-0019;02;2026-10-07;"B";0.58;"medium";"EU Russia packages: 21 in about 56 months (one per 2.6 months); proposal to adoption usually 1–3 months; sectoral 22nd package expected in XI (Vlasiuk) → by 31.12 about 0.55; adj. slightly up: the 12.10 listings may also be labelled the 22nd package.";"Commission proposal; Council statement naming ""22nd package"""
Q-0020;02;2026-10-07;"B";0.18;"medium";"After the first pause in an easing cycle central banks more often hold at the next meeting; analyst base case: hold at 14% (SberCIB, B-06) → about 0.2; adj. slightly down: inflation 7.1–7.2% after the 01.10 indexation, above the bank's range.";"Weekly CPI; Bank of Russia medium-term forecast 23.10"
Q-0021;02;2026-10-07;"B";0.75;"medium";"US–PRC truce deadlines 2025–2026: every one formalised by both sides near the deadline (VIII 2025, XI 2025 with a MOFCOM text 3 days before expiry); the arrangement is already extended to 10.01.2027 → BR about 0.8; adj. slightly down: the text must name the rare-earth announcements.";"MOFCOM announcement before 10.11"
Q-0022;02;2026-10-07;"B";0.75;"medium";"As Q-0021 (same formalisation pattern), longer deadline (27.11) and lower cost for Beijing.";"MOFCOM announcement before 27.11"
Q-0023;02;2026-10-07;"B";0.25;"low";"MOFCOM listings of US entities: about 6 rounds in 2025 but 1 in 2026 (22.06) → 2026 rate about 1.3/year → 2.8 months ≈ 0.27; adj. slightly down for the extended truce.";"DSCA notifications for Taiwan; US entity listings"
Q-0024;02;2026-10-07;"B";0.10;"low";"Announced loosening of AI-chip exports to the PRC becoming a decision: H200 took about a year; no Blackwell decision after the summit → BR about 0.1; no adj.";"BIS rule or Nvidia statement"
Q-0025;02;2026-10-07;"B";0.60;"low";"Sign of monthly magnet-export changes about 50/50; VIII 512 t was a trough (−21% m/m), I–VIII average +23% y/y → mean reversion favours YES; no new data.";"GAC data about 20.10"
Q-0026;02;2026-10-07;"B";0.30;"low";"Trilateral rounds: several in H1 2026, none since; resumption within about 7 weeks after an explicit ""no current plans"" (Ryabkov 07.10) → BR about 0.25–0.35; the US–Russia bilateral channel is active (diesel arrangement 09.10, B-04).";"Kremlin / Office of the President confirmations"
Q-0027;02;2026-10-07;"B";0.10;"medium";"Art. 4 requests: 3 in 2022–2025 (about 0.65/year) → 2.8 months ≈ 0.14; adj. down: no request in 2026 despite the Mi-8 incursion and ships sunk in NATO EEZs.";"Fatal incident attributed to Russia"
Q-0028;02;2026-10-07;"B";0.15;"low";"Mediated agreements in active armed conflicts within about 3 months: BR about 0.15–0.2; adj. down: contact indirect only, FM under impeachment motion; up: precedent of the VI 2026 memorandum.";"Face-to-face round confirmed by both"
Q-0029;02;2026-10-07;"B";0.58;"medium";"US presidents at APEC summits 2017–2025: about 5 of 9 (about 60% in non-pandemic years); host China with promised reciprocal visits supports; adj. slightly down: part of the summit may move online (FT), window just after the midterms.";"White House schedule"
Q-0030;02;2026-10-07;"B";0.30;"low";"Trump–Putin in-person meetings this term: 1 (VIII 2025) in about 21 months → λ ≈ 0.05/month → 5.8 months ≈ 0.25; adj. up: active bilateral channel (diesel arrangement 09.10) and a floated APEC meeting.";"Kremlin and White House schedules"
Q-0031;02;2026-10-07;"B";0.08;"medium";"Midterms with the opposition +7 on the generic ballot and presidential approval 32–34%: the president's party lost the House in every comparable case (1994, 2006, 2010, 2018) → BR about 0.05–0.1; adj. slightly up for redistricting.";"Generic ballot average X"
Q-0032;02;2026-10-07;"B";0.08;"low";"Leaders absent from video for > 6 months after injury rarely reappear on video; hazard declines with time (none since 09.03; written messages only on 25.09, 28.09) → about 0.08 for 2.8 months.";"IRIB / leader.ir recordings"
Q-0033;02;2026-10-07;"B";0.25;"medium";"Brazilian runoffs since 1989: the first-round leader won 7 of 7; F. Bolsonaro led 47.0 vs 45.2 and leads the first runoff Datafolha 52–48 in valid votes (B-03) → about 0.2–0.25 for the trailing incumbent; adj. slightly up for incumbency.";"Datafolha / Quaest runoff polls"
Q-0034;02;2026-10-07;"B";0.33;"low";"Transitional regimes under external pressure announce an election date after a new electoral body is formed; TSJ targeted for XI, CNE for XII, civil society proposes VII 2027 → a date announcement by 31.03 about 0.3–0.35.";"Appointment of the new CNE"
Q-0035;02;2026-10-07;"B";0.07;"low";"Annual hazard of a Sahel junta leader losing power under siege about 15–20% → 5.8 months ≈ 0.08; adj. slightly down: Kidal retaken 06.10.";"Bamako fuel blockade; JNIM attacks"
Q-0036;02;2026-10-07;"B";0.08;"low";"PortWatch Hormuz daily transits V–X 2026: monthly means 2.5–12.9, max day 51 (VI, after the June memorandum) — a 7-day mean > 40 was not reached even then (B-01) → conditional on an agreement (0.15) about 0.5; plus a small de facto opening share → 0.08.";"PortWatch daily series"
Q-0037;02;2026-10-07;"B";0.02;"high";"PortWatch daily transits 24.09–04.10: max 5; 0 days ≥ 10 since 01.09 (B-01); only 05–07.10 remain unpublished → a jump to ≥ 20 is near zero.";"PortWatch rows 05–07.10"
Q-0038;02;2026-10-07;"B";0.15;"low";"Naval blockades are rarely lifted without an agreement; tied to Q-0028 (0.15) with a small share for a unilateral suspension.";"CENTCOM statement"
Q-0039;02;2026-10-07;"B";0.92;"medium";"ACP advisory of 28.09 already sets 33 daily slots from 15.10; published ACP slot changes are rarely withdrawn within 2 weeks → about 0.9; residual risk: drought (El Niño).";"ACP advisories; Gatún Lake level"
Q-0040;02;2026-10-07;"B";0.75;"medium";"Winters 2023/24, 2024/25, 2025/26: each had at least one Baltic cable or pipeline damage with an investigation → Laplace 0.8; adj. slightly down (reinforced patrols).";"Anchor-drag incidents"
Q-0049;02;2026-10-07;"B";0.30;"medium";"Interpolation of AGSI+ readings: 72.83% (05.10) and 73.12% (07.10, B-02) → gas day 06.10 about 72.97–72.98%, just below 73.0; YES needs a day-1 increment > 0.17 pp vs 0.10–0.20 typical → about 0.3.";"AGSI+ gas day 06.10 (first publication)"
Q-0065;02;2026-10-07;"B";0.32;"low";"Hazard of resumed US strikes during the pause about 4–5% per 2 weeks → 6 periods ≈ 0.25; adj. up: options explicitly placed after 03.11, third carrier group arriving by end-XI; US–Iran pauses in 2025–2026 have been broken.";"CENTCOM statement; carriers in theatre"
Q-0066;02;2026-10-07;"B";0.38;"medium";"FOMC minutes ""most participants"" see another hike by year-end, two meetings left; in hiking cycles the next meeting brings the signalled hike about half the time → about 0.4; adj. slightly down: payrolls +29k.";"CPI IX; Fed speakers"
Q-0067;02;2026-10-07;"B";0.04;"high";"Fill 73.12% on 07.10; ≥ 80.0% on 01.11 needs +0.275 pp/day for 25 days vs 0.15–0.22 now, and October pace usually falls → about 0.03–0.05.";"AGSI+ daily injections"
Q-0068;02;2026-10-07;"B";0.18;"low";"US strikes on the Houthis: campaigns 2024, III–V 2025; none since II 2026 despite Saudi requests → hazard about 7%/month → 2.8 months ≈ 0.18; Mecca Alliance takes the military role.";"Camp David decisions; Saudi requests"
Q-0069;02;2026-10-07;"B";0.12;"low";"DSCA notifications for Taiwan: holds before summits usually last; APEC 18–19.11 inside the window → about 0.12.";"DSCA notifications"
Q-0070;02;2026-10-07;"B";0.35;"low";"Negative outlooks end in a downgrade in about 1/3–1/2 of cases within 12–24 months; Fitch negative since IX 2025, next review likely II 2027 inside the window; S&P stable (direct downgrade BR about 0.03) → about 0.35.";"S&P 06.11; Fitch early 2027"
Q-0071;02;2026-10-07;"B";0.10;"medium";"EU attempts to use the Bank of Russia's assets themselves failed in 2025 (reparations loan replaced by a 90 bn EUR loan); no plan now → about 0.1 in 8.7 months.";"Euroclear / Belgian position"
Q-0072;02;2026-10-07;"B";0.15;"medium";"Initialled treaty, signature conditioned on Armenia's constitutional change (referendum 2027) → about 0.15 by 30.06.2027.";"Armenian referendum date"
Q-0073;02;2026-10-07;"B";0.07;"medium";"Capture of medium cities took 5–12+ months from direct threat; Kramatorsk and Sloviansk lie behind Kostiantynivka/Druzhkivka; front balance contested in IX → about 0.07 in 8.7 months.";"ISW and DeepState maps"
Q-0074;02;2026-10-07;"B";0.65;"medium";"RW: Brent December about 104 (09.10, B-05; 100.20 on 07.10) vs threshold 100, 7 sessions; σ 40% → σ_t ≈ 0.07, z ≈ 0.55 → about 0.7; adj. slightly down: source of the 09.10 level is a secondary report.";"Brent settlement 20.10"
Q-0075;02;2026-10-07;"B";0.65;"medium";"Mechanics: fuel caps from 03.10 cut pump prices about 13–17% vs the IX average (fuel weight about 5.5–6%; fuel +36% y/y in IX) → October about 3.0–3.4% y/y; the reverse step in IX added about 0.6 pp; adj. down: maximum prices rising again (diesel 8.06 from 10.10, B-08).";"GUS flash X; maximum fuel prices"
Q-0076;02;2026-10-07;"B";0.58;"low";"Sign of monthly FFPI changes about 50/50 with positive autocorrelation; cereals +5.1% and sugar +6.1% in IX → about 0.58.";"FAO sub-indices; Black Sea shipping"
Q-0077;02;2026-10-07;"B";0.75;"medium";"US–PRC truce deadlines 2025–2026: 3 of 3 extended on time by both sides → Laplace 0.8; adj. slightly down: both governments must announce, rare earths unresolved.";"APEC Shenzhen outcome; Federal Register notices"
Q-0078;02;2026-10-07;"B";0.06;"medium";"PortWatch Hormuz: 1 day ≥ 10 in 65 days since 01.08 (B-01), none since 01.09 → a 10-day window about 0.05; adj. slightly up: empty Qatari LNG carriers waiting, but AIS-dark traffic does not count.";"PortWatch daily series"
Q-0079;02;2026-10-07;"B";0.38;"medium";"PortWatch Bab el-Mandeb: 29 of 56 rolling 10-day windows since 01.08 had a day < 20 (B-01), but none since 16.09 (range 22–37) → adj. down to about 0.38.";"PortWatch daily series; Houthi maritime attacks"
Q-0080;02;2026-10-07;"B";0.40;"low";"Saudi deaths from Yemeni attacks in this escalation: 1 two-week window with deaths out of about 3 since mid-IX → Laplace about 0.4; no adj. (escalation continuing both ways).";"GACA / coalition statements"
Q-0081;02;2026-10-07;"B";0.12;"low";"US–Iran in-person meetings in 2026: about one per 1–3 months (latest 22.09); now indirect only and the 22.09 meeting is the object of an impeachment motion → 14 days about 0.12.";"Qatari announcements; Iran's reply to the US proposal"
Q-0082;02;2026-10-07;"B";0.12;"low";"Short window (24 days) after Moscow's ""no current plans""; trilateral rounds have not resumed since H1 → about 0.1; adj. slightly up for the US proposal of a technical round by end-X.";"Kremlin and Ryabkov statements"
Q-0083;02;2026-10-07;"B";0.92;"high";"EU sanctions acts agreed in Coreper are almost always adopted by the Council at the announced meeting or by written procedure within days; adoption foreseen 12.10 → about 0.9.";"Foreign Affairs Council 12.10"
Q-0084;02;2026-10-07;"B";0.50;"medium";"RW: TTF front-month about 80.2 (08.10, B-09) vs threshold 80, 8 sessions; σ 55% → z ≈ 0.03 → about 0.5.";"TTF settlement 20.10"
Q-0085;02;2026-10-07;"B";0.15;"medium";"e-petrol diesel average tracks the daily maximum price (7.78 vs 7.80 on 07.10); maximum now 8.06 (10–12.10, B-08) → YES needs a fall of about 0.37 PLN (−4.6%) within 9 days; weekly moves 0.1–0.3 PLN → about 0.15.";"Daily maximum prices; diesel cracks"
Q-0086;02;2026-10-07;"B";0.25;"medium";"RW: EUR/PLN 4.3775 (09.10, B-10) vs 4.4000 (+0.5%), 8 sessions; σ about 5% → σ_t ≈ 0.9%, z ≈ 0.58 → about 0.28; adj. slightly down: realised range since 23.09 only 4.359–4.390.";"NBP table A 21.10"
Q-0087;02;2026-10-07;"B";0.18;"low";"Days with ≥ 30 PLA aircraft in 2026 are rare (activity about half of 2025, peak 23 in the window); a National Day speech trigger exists (2024: large exercise days after 10.10) but the summit cycle damps it → about 0.18.";"Taiwan MND daily reports 11–21.10"
Q-0088;02;2026-10-07;"B";0.07;"medium";"Central banks rarely hike at the first or second meeting after ending an easing cycle with a pause; analysts' base case is a hold (B-06) → about 0.07; inflation above range keeps it above zero.";"Weekly CPI; Bank of Russia signals"
Q-0089;02;2026-10-07;"B";0.18;"low";"Timing of MOFCOM formalisation texts: the XI 2025 suspension appeared 3 days before expiry; given Q-0021 (0.75), the share falling in 08–21.10 (2 of about 5 weeks, earlier part) about 0.25 → about 0.18.";"MOFCOM announcements"
Q-0090;02;2026-10-07;"B";0.10;"low";"Statutory ""shall"" deadlines on tariffs have been missed or waived without consequence; the administration eased Russian diesel sanctions on 09.10 (B-04) → a duty act on Russian goods by 21.10 about 0.1.";"Federal Register / proclamation by 18–21.10"
Q-0091;02;2026-10-07;"B";0.10;"medium";"OFAC RUSSIA-EO14024 designations in 2026: only a few rounds (e.g. 08.01, 11.06) → about 0.3/month → 14 days about 0.14; adj. down: no designation since 24.09 and a general licence easing Russian diesel on 09.10.";"OFAC Recent Actions"
Q-0092;02;2026-10-07;"B";0.25;"low";"Confirmed hits on merchant ships in the Red Sea/Gulf of Aden: about one per month in VII–VIII 2026, none in IX; attempted attack 04.10 → λ about 0.6/month → 14 days ≈ 0.25.";"UKMTO / JMIC notices"
Q-0093;02;2026-10-07;"B";0.30;"low";"Bulgarian presidential first rounds: a poll leader at 41–45% (2021: Radev polled in the mid-40s and got 49.4%, short of 50%) rarely clears 50% against a second candidate at 22–26% → about 0.3.";"Final Alpha Research / Market Links polls"
Q-0094;02;2026-10-07;"B";0.47;"low";"Poll averages: Likud 22–23 vs Yashar 22 (trackers); the most recent non-Channel-14 polls show Yashar ahead or tied (B-11); Likud has historically matched or slightly beaten its polls; a tie = NO → about 0.47.";"Final pre-election polls"
Q-0095;02;2026-10-07;"B";0.50;"low";"Senate 53–47; Democrats need a net +4 while defending MI, GA, NH, MN; in wave environments (generic D+7, approval 32–34%) close races break mostly one way; recent state polls show D leads in NC, OH, TX, AK and ties in IA, ME (B-07) → about 0.5.";"State polls in ME, IA, OH, TX, AK"
Q-0096;02;2026-10-07;"B";0.15;"low";"Majlis impeachments of ministers occur (e.g. economy minister 2025), but motions not referred to the presidium mostly lapse; a wartime FM backed by the leadership's negotiating line → about 0.15 in 12 weeks.";"Majlis presidium referral"
Q-0097;02;2026-10-07;"B";0.60;"medium";"Confirmed violations of Polish airspace from RU/BY (excluding balloons): about 4–5 a year in 2022–2026 → 12 weeks ≈ 0.6.";"DO RSZ statements; strikes on western Ukraine"
Q-0098;02;2026-10-07;"B";0.50;"low";"New sub-class: 2 officially confirmed drone hits in NATO EEZs within 2 days (05–06.10) while the Russian campaign against ships serving Ukraine continues; the corridor runs through RO/BG waters; governments are reluctant to name causes (Romania) → about 0.5 for 12 weeks.";"RO/BG naval authority statements"
Q-0099;02;2026-10-07;"B";0.45;"low";"Announced US carrier end-states are usually reached but with slips of weeks; ""three carriers by end-XI"" with a 30.11 deadline and one carrier (Bush) leaving after 5 months → about 0.45.";"USNI Fleet Tracker weekly"
Q-0100;02;2026-10-07;"B";0.60;"low";"Putin at APEC: attended 2013–2017 except 2015, absent 2018 and every in-person summit since 2022 (0/4), but host China invited him and he travels to China often → about 0.6.";"Ushakov / kremlin.ru schedule"
Q-0101;02;2026-10-07;"B";0.45;"low";"After a veto is lifted, EU clusters are usually opened at the next intergovernmental conference (often in December), but here a Ukrainian minority-rights law is a precondition → about 0.45.";"Rada vote on the minority-rights law; GAC XII"
Q-0102;02;2026-10-07;"B";0.72;"medium";"US formalisation of truce extensions 2025–2026: Federal Register texts were published at or just before the expiry dates → about 0.75; adj. slightly down: publication on 10.11 or later would resolve NO.";"Federal Register (BIS)"
Q-0103;02;2026-10-07;"B";0.30;"low";"RW: U3O8 spot about 89.8 vs 95 (+6%), three month-end readings; monthly σ about 8–9% → any of three about 0.35–0.4; adj. down: spot nearly flat since IX (low realised volatility).";"Cameco month-end spot"
Q-0104;02;2026-10-07;"B";0.35;"low";"Sectoral packages slip often: Vlasiuk ""November more realistic""; adoption needs unanimity (HU, SK) → by 30.11 about 0.35.";"Commission proposal of the 22nd package"
Q-0105;02;2026-10-07;"B";0.28;"low";"Outlook changes at scheduled S&P reviews about 10–15%; adj. up: S&P raised its deficit forecast to 7%, Moody's downgraded in IX, Fitch negative, Fiscal Council dispute → about 0.28.";"S&P decision 06.11"
Q-0106;02;2026-10-07;"B";0.05;"medium";"US export bans or quotas on refined fuels: none since the 1970s; Trump said ""not going to"" (02.10); G7 release and Russian diesel arrangement reduce pressure → about 0.05.";"US distillate stocks"
Q-0107;02;2026-10-07;"B";0.12;"low";"Commission infringement steps against temporary crisis cuts in energy taxation have been rare (the III letter was not an infringement); 3 monthly packages remain → about 0.12.";"Commission infringement packages X–XII"
Q-0108;02;2026-10-07;"B";0.12;"low";"US tariff changes via public comment take months (USTR: no date, legal process needed); both sides must act → about 0.12 by 31.12.";"USTR Federal Register notice"
Q-0109;02;2026-10-07;"B";0.62;"medium";"NDAAs enacted by 31.12 in about 5 of the last 6 years (FY2021 only after a veto override in January); both chambers' bills carry the 76,000 restriction → about 0.8 × 0.8 ≈ 0.62.";"Informal conference text after 09.11"
Q-0110;02;2026-10-07;"B";0.08;"low";"Annual hazard of a negotiated end to long interstate wars about 10–15%; terms far apart (Valdai 01.10) → 8.7 months about 0.08.";"Trilateral talks resumption"
Q-0111;02;2026-10-07;"B";0.35;"low";"Danish defence agreements with the US have needed more than a year from signature to entry into force (2023 DCA); Greenlandic procedure unclear, Naleraq opposed → about 0.35 within 9 months.";"Folketing / Inatsisartut agenda"
Q-0112;02;2026-10-07;"B";0.04;"medium";"Congressional letters asking the Fed to restrict a central bank's facility access have, to our knowledge, not led to action within months → about 0.04.";"Fed reply to Moolenaar"
Q-0113;02;2026-10-07;"B";0.27;"low";"Capture of medium towns under direct assault (Bakhmut, Avdiivka, Pokrovsk) took about 5–12+ months; Kostiantynivka among the heaviest-fought areas, front balance contested → about 0.27 in 5.8 months.";"ISW assessments; DeepState map"
Q-0114;02;2026-10-07;"B";0.25;"low";"Announced base plans with a slipping decision (""Fort Trump"" 2018–2019: no location for over a year); decision ""not before December"" → about 0.25 by 31.03.2027.";"Polish MoD / Pentagon statements"
Q-0115;02;2026-10-07;"B";0.28;"low";"RW: Brent about 104 to < 70 (−33%) in about 180 sessions; σ 40% → σ_t ≈ 0.34, touch ≈ 0.24; adj. slightly up: steep backwardation (EIA 2027 average 84) drags the rolled front month down, and after past supply shocks prices returned near pre-shock levels within a year (2022: 120 → 76).";"US–Iran agreement; OPEC+ policy"
Q-0001;02;2026-10-07;"C";0.03;"medium";"The 2027 budget raises defence to 17.15 trn RUB and finances contract recruitment through new taxes (G3-015, G3-016) — the Kremlin is paying for the cheaper route; with the Duma elections over and repression of dissent (G4-041) the domestic brake is lower, but the labour market and the 2022 emigration experience still make a decree the most costly option.";"decree on publication.pravo.gov.ru; recruitment bonuses in regions"
Q-0002;02;2026-10-07;"C";0.05;"low";"Weak lens: no domestic calendar in Moscow rewards a fatality on NATO territory, and the Black Sea casualties occurred in EEZs, not on territory (G1-031, G1-032); the risk remains accidental (strays during strikes near borders).";"Russian strikes on western Ukraine; drone strays into PL/RO/MD"
Q-0003;02;2026-10-07;"C";0.27;"low";"Procedure brakes a decision: the posture review end moved to December (G1-038), both FY2027 NDAA bills carry a 76,000 restriction (verification 09.10), and a Democratic House from January 2027 is the likely election outcome (G4-045, C-12), which raises the political cost of a cut announced in Q1 2027; Hegseth's Western Hemisphere remarks keep the option alive.";"posture review outcome (XII); enacted NDAA text"
Q-0004;02;2026-10-07;"C";0.25;"low";"Logistics and season: October opens the rasputitsa, Russia's DeepState net was 154 km² in September with 270–320 km² of Ukrainian gains still unpublished (G1-043), and Vivaldi near Lyman ties Russian reserves (G1-045); exceeding 200 km² net needs acceleration that the budget and manpower do not show.";"DeepState weekly km²; publication of withheld Ukrainian gains"
Q-0005;02;2026-10-07;"C";0.35;"low";"Xi's calendar rewards calm through the Fifth Plenum (26–29.10), APEC Shenzhen (XI) with Trump's announced attendance and the G20 Miami (XII) (C-13); the window to 31.03.2027 adds Q1 2027 after the 10.01 truce date, when an arms notification or Lai's statements could trigger a named drill.";"DSCA notification for Taiwan; truce extension beyond 10.01.2027"
Q-0007;02;2026-10-07;"C";0.22;"low";"Before 03.11 Washington avoids an oil spike (Trump: no strikes before the midterms, C-04), but after the election the reported intention to resume bombing and the Houthi campaign against Saudi airports (C-09) raise the tail; physical tightness (Dated 114–121, G2-003) and depleted stocks give fuel for a spike.";"US strike on Iran after 03.11; hit on Yanbu/Abqaiq"
Q-0008;02;2026-10-07;"C";0.08;"medium";"A fall below 80 needs a US–Iran deal and restored flows; neither leader's domestic position supports a deal now (Majlis impeachment motion, G4-009; Trump rejects the 7-day plan, G4-002), and stock rebuilding after the G7/IEA releases supports prices.";"US–Iran agreement; Dated–futures gap"
Q-0009;02;2026-10-07;"C";0.33;"low";"Storage is the lowest for the date since 2011 and Germany is about 59% (G2-016, C-07), Qatar's force majeure runs to early XII (G2-021) and JKM outbids TTF (G2-020) — a cold spell in XI–XII meets thin buffers; governments have little budget room to subsidise demand cuts.";"NW Europe temperatures; Qatar force majeure beyond XII"
Q-0010;02;2026-10-07;"C";0.42;"low";"Starting point about 78% on 01.11 (C-07) and a typical XI–XII draw of 20–25 pp land at the 55% threshold; high prices damp industrial demand and member states use the target flexibility instead of costly injection, while German storage (about 59%) has the least buffer.";"storage on 01.11; heating degree days XI–XII"
Q-0012;02;2026-10-07;"C";0.18;"medium";"Tariffs on India or Turkey would raise prices before the midterms and cut across Rubio's planned India visit and a deal ""90%-plus there""; a China duty would break the truce both leaders just extended; the Sec. 115 waiver gives the President a cheap exit, and no 10-day notice was visible by 07.10 (G3-001).";"10-day notice to Congress; waiver certification; USTR ""named"" countries"
Q-0015;02;2026-10-07;"C";0.07;"medium";"The legal basis for raising the 15% ceiling is narrow (s.232/s.301 need proceedings) and the administration is fighting on diesel and fuel prices with Europe rather than tariffs (G2-008); the EU's end-2026 steel-derivative deadline is a European, not a US, trigger.";"USTR s.301 initiation on EU; EU suspension of concessions"
Q-0016;02;2026-10-07;"C";0.25;"medium";"Glapiński said on 08.10 that a November hike is not in prospect on current data and inflation may return toward target in October because of the fuel caps (C-02); two meetings remain (XI with the projection, XII), and the communiqué's hawkish wording keeps a hike possible.";"November projection; October CPI flash"
Q-0017;02;2026-10-07;"C";0.45;"low";"HICP 3.8% with energy 18.8% and Lane calling the second wave an upside risk (G3-037, G3-076) keep the Governing Council on its ""measured response""; the June/September pattern ties hikes to projection meetings, which points to 17.12 rather than 29.10; higher long-term yields already tighten, which caps the case.";"October HICP flash; December staff projections"
Q-0018;02;2026-10-07;"C";0.08;"medium";"Listing a mainland bank would break the truce and the APEC/G20 visit calendar (C-13); Treasury keeps targeting Hong Kong and small PRC firms (G3-026); the incentive rises only if the truce lapses after 10.01.2027.";"truce extension beyond 10.01.2027; Sec. 103 implementation"
Q-0019;02;2026-10-07;"C";0.50;"low";"Two paths: the Council may label the 12.10 listings act the 22nd package (one side already calls it that, G3-023), or the sectoral package arrives in XI–XII (Vlasiuk, G3-024); Slovakia and Hungary can delay, but EUCO 17–18.12 gives a procedural deadline.";"Council press release of 12.10; Commission sectoral proposal"
Q-0020;02;2026-10-07;"C";0.15;"medium";"The Bank faces annual inflation of about 7.1–7.2%, above its range, a weaker rouble after FX purchases ×5 and a 2026 deficit of 3.2% of GDP (G3-016, G3-019, G3-067); analysts expect a hold (C-05); a cut would contradict its own ""budget uncertainty"" reasoning.";"weekly CPI to 20.10; Bank's medium-term forecast"
Q-0021;02;2026-10-07;"C";0.75;"medium";"MOFCOM's 28.09 readout extends the Kuala Lumpur arrangement, including ""related Chinese export controls"", to 10.01.2027 (G3-010), so the legal text expiring on 10.11 must be amended for Beijing to keep its own commitment; in 2025 the amending announcement came three days before the deadline, so procedure points to a late but timely text; the Fifth Plenum and APEC hosting reward continuity.";"MOFCOM announcement before 10.11; US Federal Register notices"
Q-0022;02;2026-10-07;"C";0.73;"medium";"The Ga/Ge/Sb suspension (to 27.11) belongs to the same 2025 package and will normally be handled in the same or an adjacent MOFCOM announcement; extending costs Beijing little because military end-user bans and licensing stay.";"MOFCOM announcement on Ga/Ge/Sb"
Q-0023;02;2026-10-07;"C";0.30;"low";"MOFCOM listings usually answer DSCA notifications or US sanctions; with Trump's APEC visit and the G20 Miami ahead (C-13) a Taiwan arms notification before XII is unlikely, so the usual trigger is missing; a duty on China under H.R. 5334 would change that.";"DSCA notification; H.R. 5334 action on China"
Q-0024;02;2026-10-07;"C";0.15;"low";"Approving Blackwell for China carries a bipartisan political cost in Congress and among China hawks, worse in an election autumn with Trump at 32% approval (G4-045); after 03.11 his freedom grows, and Nvidia's lobbying persists, but no licensing step is visible (G2-047).";"BIS licensing policy; AI Overwatch Act"
Q-0025;02;2026-10-07;"C";0.45;"low";"September exports were shipped in the month before the 24.09 summit, while the 20–23.09 talks produced the truce extension; MOFCOM licensing reacts with a lag and FT reports only about two-thirds of commitments met (G2-041); a coin flip around the August level.";"GAC data for IX (about 20.10)"
Q-0026;02;2026-10-07;"C";0.25;"low";"Putin's Valdai terms and Ryabkov's ""no current plans"" (G4-019, G4-022) remain; the 09.10 call produced only an agreement to keep leader contacts (C-01); Trump's pre-election incentive for a ""peace success"" is fading as the vote nears, and the Kremlin's domestic line rewards blaming Kyiv.";"Kremlin readout setting a date; Ushakov statements"
Q-0027;02;2026-10-07;"C";0.10;"low";"An Art. 4 request is a government's political choice; Romania did not attribute the Royad Mammadov sinking and Bulgaria's Radev government named no perpetrator (G1-031, G1-032), which shows a high domestic threshold; Poland answers with capability (G1-026).";"attribution of an EEZ strike to Russia"
Q-0028;02;2026-10-07;"C";0.12;"low";"Trump rejected the 7-day plan and reportedly plans strikes after the midterms (C-04), and in Tehran the negotiator faces impeachment over the last contact (G4-009); a deal would need both leaders to accept domestic costs they are now avoiding; Iran's economic collapse (rial, 73.6% inflation, G3-056) is the only push.";"Iran's reply via Qatar; face-to-face round"
Q-0029;02;2026-10-07;"C";0.70;"medium";"Trump stated his intention to attend APEC Shenzhen (C-13), it falls two weeks after the midterms when domestic pressure eases, and he values summitry with Xi; risks are a post-election Iran operation, the FT report of part of the summit moving online (G4-077) and the lame-duck agenda.";"White House schedule; format of the APEC meeting"
Q-0030;02;2026-10-07;"C";0.35;"low";"The 09.10 call agreed to continue leader contacts (C-01) and Ushakov floated a Putin–Trump–Xi meeting at APEC (G4-027); if both attend Shenzhen an encounter is likely, but Trump avoids a summit without a deal before and just after the election, and the Kremlin uses meetings to split Washington from Kyiv.";"Putin's APEC attendance; Kremlin and White House schedules"
Q-0031;02;2026-10-07;"C";0.12;"medium";"Classic midterm penalty with Trump at a record-low 32% approval and a generic ballot of about D+7 (G4-045); cost of living and diesel dominate (G4-046); payment promises and redistricting only partly offset.";"generic ballot; approval"
Q-0032;02;2026-10-07;"C";0.10;"low";"The regime has a strong legitimacy incentive to show the leader, yet only written messages appeared again on 25.09 and 28.09 (G4-012) — seven months of text-only communication indicates a physical limitation rather than a choice.";"leader.ir; IRIB"
Q-0033;02;2026-10-07;"C";0.32;"medium";"Flávio Bolsonaro won round one (47.03 vs 45.16, G4-029), gained the endorsements of Caiado and Zema (G4-030) and leads the first runoff Datafolha 52–48 in valid votes (C-03); the incumbent's state apparatus and social programmes are the counterweight, and polls understated the right in round one.";"Datafolha/Quaest runoff series"
Q-0034;02;2026-10-07;"C";0.35;"low";"Institutional sequence: new TSJ in XI, new CNE in XII per the opposition timeline (G4-066), only then a calendar; Rodríguez has no incentive to hurry and power cuts weaken her (G4-068), while US pressure for a date continues.";"AN plenary on TSJ nominations (15.10); CNE appointment"
Q-0035;02;2026-10-07;"C";0.08;"low";"Retaking Kidal with Africa Corps (06.10, G4-060) consolidates the transition and the army's loyalty in the short term; the risk remains a palace coup if the fuel blockade bites again.";"Bamako fuel supply; JNIM attacks on convoys"
Q-0036;02;2026-10-07;"C";0.07;"medium";"A 7-day average above 40 AIS-visible transits needs an agreement, the end of the IRGC clearance rule and returning insurers — none is in sight before 31.12, and even after a deal shipowners need weeks; escorted traffic often runs AIS-dark (G1-006).";"US–Iran agreement; IRGC route rule"
Q-0037;02;2026-10-07;"C";0.02;"high";"PortWatch shows a maximum of 4 transits a day on 01–04.10 (C-15); three remaining days (05–07.10) fall in the week of the tanker strike wave and the IRGC route rule (G1-002, G1-004) — no logistics change could lift AIS counts to 20.";"PortWatch rows 05–07.10"
Q-0038;02;2026-10-07;"C";0.10;"medium";"Lifting the blockade is Iran's first condition, but without a deal it is a unilateral concession that Trump would not make before or right after an election he frames as strength, with strikes signalled for after 03.11 (C-04).";"US–Iran agreement; CENTCOM statements"
Q-0039;02;2026-10-07;"C";0.92;"high";"The ACP advisory of 28.09 sets 33 daily slots from 15.10 (G1-061); the authority has a revenue incentive and the rainy season supports Gatún Lake; only a withdrawal of the advisory would block YES.";"ACP advisory in force on 15.10"
Q-0040;02;2026-10-07;"C";0.55;"low";"Weak lens: winter is the peak season for anchor incidents and the Baltic states have fast procedures for opening investigations and detaining ships; the window covers the whole winter.";"cable incidents; shadow-fleet detentions"
Q-0049;02;2026-10-07;"C";0.06;"high";"Aggregators reading AGSI+ give 72.97% for gas day 06.10 (C-07), below the strict 73.0 threshold; only a different first-publication value or rounding could produce YES.";"AGSI+ first publication for 06.10"
Q-0065;02;2026-10-07;"C";0.40;"low";"The electoral brake binds until 03.11 (Trump: no strikes before the midterms, C-04), but the same calendar opens XI–XII: options are placed ""after the elections"" (G1-010), a third carrier group arrives about end-XI (G1-009) and Trump reportedly told aides he expects to resume bombing; against — diesel prices, a 32% approval and the APEC/G20 summits he wants to attend.";"CENTCOM statement; carrier count in CENTCOM after 03.11"
Q-0066;02;2026-10-07;"C";0.12;"medium";"The meeting falls a week before the elections, payrolls rose only 29k (G3-034), Williams sees ""no need for urgency"" and Waller's guidance points to December (C-11); the minutes' majority for ""another increase by year end"" fits the December projection meeting better.";"September CPI (14.10); Fed speakers before the blackout"
Q-0067;02;2026-10-07;"C";0.08;"high";"Reaching 80% from 72.97% on 06.10 (C-07) needs about 0.27 pp a day for 26 days against a recent pace of 0.13–0.21 pp; member states use the target flexibility instead of injecting at high prices.";"AGSI+ daily injection"
Q-0068;02;2026-10-07;"C";0.25;"low";"Trump keeps the US out of Yemen before the elections (G1-021) and lets the Saudi-led coalition and the Mecca Alliance fight (G1-020); the Houthis now kill Saudi civilians at airports (C-09), Riyadh presses for strikes, and an Iran operation after 03.11 could include Houthi targets.";"US strike on Iran; attacks on US ships or Yanbu"
Q-0069;02;2026-10-07;"C";0.12;"medium";"The 14 bn USD package has been on hold since 23.05 and Trump has two personal summit dates with Xi ahead (APEC XI, G20 Miami XII, C-13) — a notification before 31.12 would cost him both; Congressional pressure is the only push.";"DSCA notifications; post-APEC readouts"
Q-0070;02;2026-10-07;"C";0.30;"low";"S&P (review 06.11) has a stable outlook, so a downgrade by 31.03 more likely comes from Fitch, whose negative outlook meets a deficit of about 7% and a Fiscal Council dispute over the 2027 budget (G3-046, G3-049); Domański's ""no room for new programmes"" and stronger growth forecasts (G3-048) argue for patience by the agencies.";"Fitch review (about II 2027); 2027 budget law"
Q-0071;02;2026-10-07;"C";0.15;"low";"Ukraine's 2027 gap (about 32.6 bn USD, G3-054) creates pressure, but the Commission refused even to front-load the existing 90 bn EUR loan (G3-053) and Belgium/Euroclear carry the legal risk; a Council legal act needs a unanimity-sensitive procedure not yet started.";"Commission legal proposal; Belgian position"
Q-0072;02;2026-10-07;"C";0.10;"medium";"Baku ties signature to Armenia's constitutional change, which needs a referendum in 2027 that Pashinyan cannot schedule quickly; the detained-soldier dispute (G4-072) shows the domestic sensitivity on both sides.";"referendum date in Armenia"
Q-0073;02;2026-10-07;"C";0.07;"low";"Taking a large fortified city requires sustained offensive logistics through winter; Russia's front pace is contested (G1-043, G1-044) and Kostiantynivka, a step before Kramatorsk, is not yet taken.";"Kostiantynivka status; DeepState pace"
Q-0074;02;2026-10-07;"C";0.60;"low";"Brent December traded about 100–104 on 08–09.10 (C-08) against a 100 threshold; the G7/IEA diesel releases and Aramco's Asian discount (G2-009, G2-050) push down, while Saudi airport strikes (C-09) and physical tightness push up; little scheduled policy action before 20.10.";"ICE settlement 20.10; Houthi strikes on Saudi energy"
Q-0075;02;2026-10-07;"C";0.60;"low";"CPN III cut diesel and petrol by about 1.3–1.4 PLN/l from record September levels (G2-027), and Glapiński expects inflation near target already in October (C-02); max prices drifted back up after 08.10 (C-10) and energy regulation is named as a risk, so the flash may land near 3.5.";"GUS flash (about 30.10); e-petrol averages in X"
Q-0076;02;2026-10-07;"C";0.55;"low";"Input costs keep rising — Black Sea logistics, Hormuz fertiliser constraints and energy (G2-036, G2-039) — and the cereal sub-index has momentum; record Russian wheat exports via the Baltic (G2-038) and a possible sugar correction cap the rise.";"cereal and sugar sub-indices; Black Sea shipping"
Q-0077;02;2026-10-07;"C";0.70;"medium";"Both governments said they will seek a further extension ""through high-level interaction before year-end"" (G3-010), and two leader summits (APEC XI, G20 Miami XII, C-13) are natural announcement venues; both leaders have domestic reasons (farm purchases, weak Chinese investment) to avoid a cliff on 10.01.";"APEC readouts; US Federal Register notices on the 10.01 extension"
Q-0078;02;2026-10-07;"C";0.12;"medium";"The IRGC clearance rule and the strike wave keep AIS-visible traffic at 0–5/day (C-15, G1-004); a day with 10 needs a coordinated convoy with transponders on — possible only if Qatar moves its waiting LNG carriers (G2-022) visibly.";"PortWatch daily; Qatari LNG departures"
Q-0079;02;2026-10-07;"C";0.25;"low";"Traffic held at 22–37 a day despite the ground war at Dhubab (G1-012, C-15); the Houthi campaign targets Saudi Arabia rather than ships, but war-risk insurers react to fighting on the shore and one low day under 20 within ten days is plausible.";"daily PortWatch; Houthi maritime claims"
Q-0080;02;2026-10-07;"C";0.96;"high";"Saudi GACA confirmed on 09.10 that a Houthi missile strike on King Khalid airport on 08.10 killed a Saudia pilot and two Saudi citizens (C-09) — a new attack inside the window; only a reinterpretation of the date or origin could change the outcome.";"GACA statement of 09.10"
Q-0081;02;2026-10-07;"C";0.07;"medium";"The Majlis impeachment motion punishes the last face-to-face contact (G4-009), so Araghchi's incentive is to keep exchanges indirect — he will reply ""via intermediaries"" (C-04); in Washington the administration signals strikes, not a round, before 03.11.";"Iran's reply via Qatar; Majlis presidium referral"
Q-0082;02;2026-10-07;"C";0.08;"medium";"Moscow publicly declined the format (G4-022) and the 09.10 call did not set a meeting (C-01); a technical trilateral within three weeks needs a Kremlin decision that its domestic messaging (blaming Kyiv) does not support.";"Ushakov/Peskov statements; venue offers"
Q-0083;02;2026-10-07;"C";0.88;"medium";"Coreper agreed the 1,646 listings on 07.10 and the Foreign Affairs Council of 12.10 is the scheduled adoption point (G3-022); listings require unanimity but were already cleared at ambassador level; only a last-minute Hungarian or Slovak hold could delay beyond 21.10.";"FAC 12.10 press release; Official Journal"
Q-0084;02;2026-10-07;"C";0.45;"low";"TTF closed 78.53 on 07.10 after rising on cooler forecasts and low storage (G2-014, G2-015); a further 2% to 80 is within normal two-week moves, but injection slows and LNG cargoes compete with Asia; no fixed policy date before 20.10.";"ICE Endex settlement 20.10; NW Europe temperatures"
Q-0085;02;2026-10-07;"C";0.10;"medium";"The Energy Minister's daily maximum diesel price rose to 7.82 (09.10) and 8.06 (10–12.10) (C-10), and stations price close to the cap; a weekly average below 7.70 on 21.10 needs a sharp fall in Brent and diesel cracks within ten days.";"daily maximum price notices; diesel cracks"
Q-0086;02;2026-10-07;"C";0.30;"low";"EUR/PLN 4.3797 on 07.10 within a 4.3588–4.39 range (G3-045); Glapiński's guidance against a November hike (C-02) slightly weakens the rate support, and UST10Y at 24-year highs drives risk aversion, but 4.40 needs a break of the two-week range.";"NBP table A 21.10; UST10Y"
Q-0087;02;2026-10-07;"C";0.35;"low";"Lai's National Day address (10.10) and visiting US House members (G4-078) give the PLA a routine reason for a larger patrol, as after past addresses; but Beijing's calendar (Fifth Plenum 26–29.10, APEC hosting) rewards a measured response, and the post-summit regime has been 2–23 sorties a day (G1-053).";"MND daily reports 11–21.10"
Q-0088;02;2026-10-07;"C";0.12;"medium";"A hike would follow only further acceleration of inflation, rouble weakness or a credit surge; analysts treat it as unlikely (C-05), the Bank's own guideline path (10.5–12.5% in 2027, G3-065) is not built on hikes, and the new taxes in the budget reduce demand pressure as Zabotkin argued (G3-066).";"weekly CPI; Bank's 23.10 forecast table"
Q-0089;02;2026-10-07;"C";0.15;"medium";"Procedure favours a late text: in 2025 MOFCOM amended the controls three days before the deadline, and Beijing keeps leverage until the last moment while Šefčovič and Washington press for assurances; a text by 21.10 would be unusually early.";"MOFCOM announcements 08–21.10"
Q-0090;02;2026-10-07;"C";0.22;"low";"A Sec. 112 duty on Russian goods is cheap in trade terms, but the President keeps a bilateral economic channel with Putin (energy cooperation, Lukoil assets — G4-020, C-01) and reportedly weighs sanctions relief for prisoner releases (G3-002); Wright: Trump ""leaves every decision till the end"" (G3-003); bipartisan pressure is the push (G3-006).";"proclamation by 18.10; waiver certification"
Q-0091;02;2026-10-07;"C";0.25;"low";"H.R. 5334 Sec. 103 sets a 30-day term for sanctions on Russian state banks (G3-001), which creates procedural pressure for some OFAC action by 18.10; but OFAC made no Russia-programme designation since 24.09 (G3-026) and the White House is cultivating the leader channel (C-01).";"OFAC Recent Actions 08–21.10"
Q-0092;02;2026-10-07;"C";0.20;"low";"The Houthis' resources go to the war with Saudi Arabia and to holding Dhubab and Mocha (G1-015, G1-016); the last confirmed ship hit was 24.08 and the 04.10 attempt missed (G1-022); a renewed shipping campaign would be a political choice they have not announced.";"UKMTO/JMIC notices; Houthi warnings to shipping"
Q-0093;02;2026-10-07;"C";0.25;"low";"Iotova leads with 44.9–47.8% among decided voters (C-14); outright victory needs more than half of valid votes, and in Bulgaria valid votes include ""I do not support anyone"", which depresses shares; low turnout (about 36%) favours Radev's party machine, the counter-factor.";"final polls; turnout"
Q-0094;02;2026-10-07;"C";0.48;"low";"Netanyahu runs as a war-time incumbent with a disciplined party machine, and Likud leads the averages narrowly (about 22–23 vs 22, C-06), but the lead depends on Channel 14 and several recent polls put Yashar first; a tie or a delayed election resolves NO.";"final-week polls; any postponement motion"
Q-0095;02;2026-10-07;"C";0.33;"low";"Democrats need a net four; they lead in North Carolina, Alaska and Ohio and are tied or ahead in Texas, with Maine, Iowa and Kansas close (C-12), in an environment of a 32% presidential approval and a D+7 generic ballot (G4-045); Republicans keep structural advantages in red states.";"final polls in ME, IA, TX, AK, KS"
Q-0096;02;2026-10-07;"C";0.15;"low";"The motion has not reached the presidium (G4-009), MPs argue that impeaching the foreign minister in wartime signals weakness, and for this portfolio the Supreme Leader's consent decides; the Majlis did oust a minister in 2025, and a collapse of talks would strengthen the hardliners.";"presidium referral; commission hearing"
Q-0097;02;2026-10-07;"C";0.45;"low";"Twelve weeks of winter strikes on western Ukraine, including near the Polish border, plus deniable probing (Mi-8 on 23.09, G1-024) make a confirmed violation plausible; DO RSZ has a routine for public confirmation, so any event will be reported; the last two weeks were quiet (G1-025).";"Russian strikes on Volhynia/Lviv; Belarus border incidents"
Q-0098;02;2026-10-07;"C";0.55;"low";"Putin refused to halt Black Sea strikes (G1-051) and the Russian MoD claims a campaign against ships carrying cargo to Ukraine (G1-033); Danube and Odesa traffic crosses Romanian and Bulgarian EEZs; Bulgaria already called the 06.10 event a drone attack (G1-032), while Romania avoids attribution — the confirmation step depends on each government's domestic caution.";"further hits in RO/BG EEZs; Turkey/UN Black Sea talks"
Q-0099;02;2026-10-07;"C";0.50;"low";"Officials named three carriers and two amphibious groups around Iran by end-XI (G1-009) and Trump's post-election intention (C-04) fits; logistics are the constraint — Bush is leaving after five months, Eisenhower returned after a mishap (G1-057), so a third deck besides Washington and Roosevelt is not yet identified.";"USNI Fleet Tracker weekly"
Q-0100;02;2026-10-07;"C";0.60;"low";"Putin gains legitimacy from appearing with Xi and possibly Trump in a friendly host country without ICC exposure; Beijing welcomed his attendance (G4-027); he skipped recent APEC meetings abroad, and a partly online format (G4-077) offers an exit.";"Ushakov on APEC; PRC host list"
Q-0101;02;2026-10-07;"C";0.45;"low";"Hungary's veto is lifted (G4-028); the remaining step is Ukraine's minority-rights law, which the Rada can pass quickly when accession is at stake, and the EUCO of XII is the natural date for an intergovernmental conference; Rada procedures and Hungarian conditions on the law's content can delay it.";"Rada vote on the minority-rights law; Council IGC agenda"
Q-0102;02;2026-10-07;"C";0.75;"medium";"The US committed to keep the affiliates rule suspended to 10.01.2027 (G3-010) and the existing suspension is a Federal Register act ending 09.11, so BIS must publish to keep the truce; Washington tends to act near the deadline, and a lapse would be a visible breach before APEC.";"Federal Register (BIS) before 09.11"
Q-0103;02;2026-10-07;"C";0.30;"low";"Spot about 89.4–89.9 against a term price at a nominal record (G2-048) leaves a 6% gap; utilities' contracting and Russian supply policy (G2-049) drive the term market more than spot, which needs a buying wave or a supply shock.";"Cameco month-end spot"
Q-0104;02;2026-10-07;"C";0.30;"low";"The sectoral 22nd package is expected ""realistically"" in XI (G3-024) but there is no formal Commission proposal yet, and previous packages needed 6–10 weeks with Slovak and Hungarian holds; adoption by 30.11 requires an unusually fast procedure.";"Commission proposal; Coreper discussions"
Q-0105;02;2026-10-07;"C";0.30;"low";"S&P raised its 2026 deficit forecast to 7.0% of GDP and meets a Fiscal Council dispute over the 2027 draft (G3-046, G3-049); an outlook change to negative is a low-cost step for the agency, but it kept the outlook stable through earlier deterioration and the World Bank raised growth forecasts (G3-048).";"S&P release of 06.11"
Q-0106;02;2026-10-07;"C";0.07;"medium";"Trump publicly ruled out the ban on 02.10 after the G7 release (G2-009); industry (API, Chamber) opposes it and after 03.11 the electoral motive weakens; only a winter distillate shortage on the East Coast could revive it.";"US East Coast distillate stocks"
Q-0107;02;2026-10-07;"C";0.25;"low";"The Commission says the VAT Directive does not allow the cut and is ""analysing"" the Polish rules (G2-028), but it moved only to a warning letter in March and the measure is meant to end on 31.12; infringement packages are monthly, yet opening one against a temporary war-related measure is politically costly.";"Commission infringement packages X–XII"
Q-0108;02;2026-10-07;"C";0.12;"medium";"Greer: no start date, publication and public comment required, possibly folded into other tariff measures (G3-063); both sides need domestic procedures and the PRC acts only ""simultaneously""; the calendar to 31.12 is short for notice-and-comment.";"Federal Register notice on the 30-for-30 lists"
Q-0109;02;2026-10-07;"C";0.55;"low";"Both chambers' bills carry the 76,000 restriction and recent NDAAs were enacted in mid-to-late December after informal conferences; the Senate returns only the week of 09.11 and the lame-duck session competes with government funding (CR to 11.12), and a signing could slip to January.";"informal conference text; floor votes in XII"
Q-0110;02;2026-10-07;"C";0.07;"medium";"Russia's 2027 budget raises defence spending and Putin's terms require Ukraine to leave the rest of Donbas (G3-015, G4-019); Kyiv cannot accept this domestically; a full-line ceasefire needs both leaders to absorb costs neither is preparing.";"Kremlin terms; trilateral format"
Q-0111;02;2026-10-07;"C";0.50;"low";"Entry into force needs completion of ""parliamentary procedures"" in the Kingdom and Greenland (G4-054); no timetable exists, Naleraq opposes (G4-055) but the governing coalitions hold majorities; the spring sessions of the Inatsisartut and the Folketing fall inside the window.";"committee schedules in Nuuk and Copenhagen"
Q-0112;02;2026-10-07;"C";0.05;"medium";"The Fed guards its independence on operational facilities and Hong Kong has not used FIMA since 2020 (G3-064); a change would also cut across the truce; a congressional letter alone rarely moves the Fed.";"Fed reply to Moolenaar"
Q-0113;02;2026-10-07;"C";0.25;"low";"The heaviest fighting is near Kostiantynivka (G1-046) and Russia funds the war through 2027, but winter logistics, the contested front balance (G1-043, G1-044) and Ukrainian reserves near Lyman slow an urban assault; six months is short for full control.";"ISW and DeepState maps around Kostiantynivka"
Q-0114;02;2026-10-07;"C";0.35;"low";"Both the President's camp and the government want credit for the base (G4-049, G4-050), which favours an announcement once the US posture review ends (XII); but the decision is ""not before December"", a special law and over 10 bn PLN of financing are needed, and the base has become a partisan issue in Polish politics.";"posture review; special base law in the Sejm"
Q-0115;02;2026-10-07;"C";0.20;"low";"A fall below 70 requires a Hormuz settlement plus restored Gulf exports and no supply shock; budgets of producers (Russia plans for 53–59 USD, G3-016) are not the constraint here; neither Washington nor Tehran has a domestic path to a deal before the US strikes signalled for after 03.11, and EIA expects 84 on average in 2027 (G2-004).";"US–Iran agreement; OPEC+ policy"
Q-0001;02;2026-10-09;"AGG";0.03;"medium";"Mean of lenses A 0.03 / B 0.03 / C 0.03; spread 0.00. Confidence = median of lens confidences.";"manpower needs per ISW; acts on the reserve; statements of the Russian MoD"
Q-0001;02;2026-10-09;"AGG_RT";0.03;"medium";"AGG without red-team adjustment (05 §3); AGG_RT = AGG 0.03.";"manpower needs per ISW; acts on the reserve; statements of the Russian MoD"
Q-0002;02;2026-10-09;"AGG";0.057;"medium";"Mean of lenses A 0.06 / B 0.06 / C 0.05; spread 0.01. Confidence = median of lens confidences.";"drone and missile incidents in PL, RO, LT, LV, EE"
Q-0002;02;2026-10-09;"AGG_RT";0.057;"medium";"AGG without red-team adjustment (05 §3); AGG_RT = AGG 0.057.";"drone and missile incidents in PL, RO, LT, LV, EE"
Q-0003;02;2026-10-09;"AGG";0.3;"low";"Mean of lenses A 0.3 / B 0.33 / C 0.27; spread 0.06. Confidence = median of lens confidences.";"force posture review recommendation (by 06.11.2026); §1249 NDAA"
Q-0003;02;2026-10-09;"AGG_RT";0.3;"low";"AGG without red-team adjustment (05 §3); AGG_RT = AGG 0.3.";"force posture review recommendation (by 06.11.2026); §1249 NDAA"
Q-0004;02;2026-10-09;"AGG";0.167;"medium";"Mean of lenses A 0.13 / B 0.12 / C 0.25; spread 0.13. Confidence = median of lens confidences.";"DeepState pace km²/week; Kramatorsk and Lyman axes"
Q-0004;02;2026-10-09;"AGG_RT";0.127;"medium";"AGG 0.167 -0.04 (red-team adjustment accepted in stage 06, 05 §3): logical error in lens C: its rationale argues for NO but gives the highest p; DeepState first prints run low (G1-043).";"DeepState pace km²/week; Kramatorsk and Lyman axes"
Q-0005;02;2026-10-09;"AGG";0.307;"low";"Mean of lenses A 0.25 / B 0.32 / C 0.35; spread 0.10. Confidence = median of lens confidences.";"decision on the arms package for Taiwan; daily PLA activity per Taiwan's Ministry of National Defense"
Q-0005;02;2026-10-09;"AGG_RT";0.307;"low";"AGG without red-team adjustment (05 §3); AGG_RT = AGG 0.307.";"decision on the arms package for Taiwan; daily PLA activity per Taiwan's Ministry of National Defense"
Q-0007;02;2026-10-09;"AGG";0.23;"low";"Mean of lenses A 0.2 / B 0.27 / C 0.22; spread 0.07. Confidence = median of lens confidences.";"attacks on Yanbu and the East–West pipeline; breakdown of US–Iran talks"
Q-0007;02;2026-10-09;"AGG_RT";0.23;"low";"AGG without red-team adjustment (05 §3); AGG_RT = AGG 0.23.";"attacks on Yanbu and the East–West pipeline; breakdown of US–Iran talks"
Q-0008;02;2026-10-09;"AGG";0.103;"medium";"Mean of lenses A 0.09 / B 0.14 / C 0.08; spread 0.06. Confidence = median of lens confidences.";"US–Iran agreement; transits through Hormuz"
Q-0008;02;2026-10-09;"AGG_RT";0.103;"medium";"AGG without red-team adjustment (05 §3); AGG_RT = AGG 0.103.";"US–Iran agreement; transits through Hormuz"
Q-0009;02;2026-10-09;"AGG";0.37;"low";"Mean of lenses A 0.33 / B 0.45 / C 0.33; spread 0.12. Confidence = median of lens confidences.";"EU storage; Qatari force majeure; weather; Norwegian supplies"
Q-0009;02;2026-10-09;"AGG_RT";0.37;"low";"AGG without red-team adjustment (05 §3); AGG_RT = AGG 0.37.";"EU storage; Qatari force majeure; weather; Norwegian supplies"
Q-0010;02;2026-10-09;"AGG";0.387;"low";"Mean of lenses A 0.42 / B 0.32 / C 0.42; spread 0.10. Confidence = median of lens confidences.";"injection and withdrawal rate; weather XI–XII; Qatar"
Q-0010;02;2026-10-09;"AGG_RT";0.387;"low";"AGG without red-team adjustment (05 §3); AGG_RT = AGG 0.387.";"injection and withdrawal rate; weather XI–XII; Qatar"
Q-0012;02;2026-10-09;"AGG";0.16;"medium";"Mean of lenses A 0.2 / B 0.1 / C 0.18; spread 0.10. Confidence = median of lens confidences.";"30-day deadline (approx. 18.10.2026); reactions of India, Turkey and the PRC"
Q-0012;02;2026-10-09;"AGG_RT";0.13;"medium";"AGG 0.16 -0.03 (red-team adjustment accepted in stage 06, 05 §3): same GL 135 evidence (R-02, B-04), weaker link: Sec. 113 targets buyers of Russian crude/gas, window to 31.12.";"30-day deadline (approx. 18.10.2026); reactions of India, Turkey and the PRC"
Q-0015;02;2026-10-09;"AGG";0.103;"medium";"Mean of lenses A 0.12 / B 0.12 / C 0.07; spread 0.05. Confidence = median of lens confidences.";"US–EU trade disputes; legal basis of US tariffs after expiry of s.122"
Q-0015;02;2026-10-09;"AGG_RT";0.103;"medium";"AGG without red-team adjustment (05 §3); AGG_RT = AGG 0.103.";"US–EU trade disputes; legal basis of US tariffs after expiry of s.122"
Q-0016;02;2026-10-09;"AGG";0.267;"medium";"Mean of lenses A 0.25 / B 0.3 / C 0.25; spread 0.05. Confidence = median of lens confidences.";"CPI (flash estimate for IX on 30.09); NBP projection XI; ECB and Fed decisions"
Q-0016;02;2026-10-09;"AGG_RT";0.267;"medium";"AGG without red-team adjustment (05 §3); AGG_RT = AGG 0.267.";"CPI (flash estimate for IX on 30.09); NBP projection XI; ECB and Fed decisions"
Q-0017;02;2026-10-09;"AGG";0.493;"low";"Mean of lenses A 0.48 / B 0.55 / C 0.45; spread 0.10. Confidence = median of lens confidences.";"HICP; energy prices; pricing of rate contracts"
Q-0017;02;2026-10-09;"AGG_RT";0.493;"low";"AGG without red-team adjustment (05 §3); AGG_RT = AGG 0.493.";"HICP; energy prices; pricing of rate contracts"
Q-0018;02;2026-10-09;"AGG";0.077;"medium";"Mean of lenses A 0.08 / B 0.07 / C 0.08; spread 0.01. Confidence = median of lens confidences.";"Operation Economic Outcast; H.R. 5334; outcome of the 24.09 summit"
Q-0018;02;2026-10-09;"AGG_RT";0.077;"medium";"AGG without red-team adjustment (05 §3); AGG_RT = AGG 0.077.";"Operation Economic Outcast; H.R. 5334; outcome of the 24.09 summit"
Q-0019;02;2026-10-09;"AGG";0.56;"low";"Mean of lenses A 0.6 / B 0.58 / C 0.5; spread 0.10. Confidence = median of lens confidences.";"Commission proposal; work of the RELEX working party; positions of FR, SK, HU"
Q-0019;02;2026-10-09;"AGG_RT";0.56;"low";"AGG without red-team adjustment (05 §3); AGG_RT = AGG 0.56.";"Commission proposal; work of the RELEX working party; positions of FR, SK, HU"
Q-0020;02;2026-10-09;"AGG";0.143;"medium";"Mean of lenses A 0.1 / B 0.18 / C 0.15; spread 0.08. Confidence = median of lens confidences.";"inflation in Russia; draft 2027 budget; rouble exchange rate"
Q-0020;02;2026-10-09;"AGG_RT";0.143;"medium";"AGG without red-team adjustment (05 §3); AGG_RT = AGG 0.143.";"inflation in Russia; draft 2027 budget; rouble exchange rate"
Q-0021;02;2026-10-09;"AGG";0.74;"medium";"Mean of lenses A 0.72 / B 0.75 / C 0.75; spread 0.03. Confidence = median of lens confidences.";"outcome of the 24.09 summit; magnet exports (GAC)"
Q-0021;02;2026-10-09;"AGG_RT";0.74;"medium";"AGG without red-team adjustment (05 §3); AGG_RT = AGG 0.74.";"outcome of the 24.09 summit; magnet exports (GAC)"
Q-0022;02;2026-10-09;"AGG";0.72;"medium";"Mean of lenses A 0.68 / B 0.75 / C 0.73; spread 0.07. Confidence = median of lens confidences.";"outcome of the 24.09 summit; rare-earth decision before 10.11"
Q-0022;02;2026-10-09;"AGG_RT";0.72;"medium";"AGG without red-team adjustment (05 §3); AGG_RT = AGG 0.72.";"outcome of the 24.09 summit; rare-earth decision before 10.11"
Q-0023;02;2026-10-09;"AGG";0.277;"low";"Mean of lenses A 0.28 / B 0.25 / C 0.3; spread 0.05. Confidence = median of lens confidences.";"PRC reaction to H.R. 5334 and arms sales to Taiwan"
Q-0023;02;2026-10-09;"AGG_RT";0.277;"low";"AGG without red-team adjustment (05 §3); AGG_RT = AGG 0.277.";"PRC reaction to H.R. 5334 and arms sales to Taiwan"
Q-0024;02;2026-10-09;"AGG";0.127;"low";"Mean of lenses A 0.13 / B 0.1 / C 0.15; spread 0.05. Confidence = median of lens confidences.";"outcome of the 24.09 summit; AI Overwatch Act in Congress"
Q-0024;02;2026-10-09;"AGG_RT";0.127;"low";"AGG without red-team adjustment (05 §3); AGG_RT = AGG 0.127.";"outcome of the 24.09 summit; AI Overwatch Act in Congress"
Q-0025;02;2026-10-09;"AGG";0.517;"low";"Mean of lenses A 0.5 / B 0.6 / C 0.45; spread 0.15. Confidence = median of lens confidences.";"MOFCOM decisions; outcome of the 24.09 summit"
Q-0025;02;2026-10-09;"AGG_RT";0.517;"low";"AGG without red-team adjustment (05 §3); AGG_RT = AGG 0.517.";"MOFCOM decisions; outcome of the 24.09 summit"
Q-0026;02;2026-10-09;"AGG";0.283;"low";"Mean of lenses A 0.3 / B 0.3 / C 0.25; spread 0.05. Confidence = median of lens confidences.";"statements by Ushakov and Peskov; offers from hosts (Abu Dhabi, Turkey)"
Q-0026;02;2026-10-09;"AGG_RT";0.283;"low";"AGG without red-team adjustment (05 §3); AGG_RT = AGG 0.283.";"statements by Ushakov and Peskov; offers from hosts (Abu Dhabi, Turkey)"
Q-0027;02;2026-10-09;"AGG";0.107;"medium";"Mean of lenses A 0.12 / B 0.1 / C 0.1; spread 0.02. Confidence = median of lens confidences.";"incidents on the flank (drones, missiles, the Baltic)"
Q-0027;02;2026-10-09;"AGG_RT";0.107;"medium";"AGG without red-team adjustment (05 §3); AGG_RT = AGG 0.107.";"incidents on the flank (drones, missiles, the Baltic)"
Q-0028;02;2026-10-09;"AGG";0.157;"low";"Mean of lenses A 0.2 / B 0.15 / C 0.12; spread 0.08. Confidence = median of lens confidences.";"date of the second round of talks; Iran's conditions (blockade, assets, Yemen)"
Q-0028;02;2026-10-09;"AGG_RT";0.157;"low";"AGG without red-team adjustment (05 §3); AGG_RT = AGG 0.157.";"date of the second round of talks; Iran's conditions (blockade, assets, Yemen)"
Q-0029;02;2026-10-09;"AGG";0.643;"medium";"Mean of lenses A 0.65 / B 0.58 / C 0.7; spread 0.12. Confidence = median of lens confidences.";"outcome of the 24.09 summit; announcement of ""reciprocal visits within half a year"""
Q-0029;02;2026-10-09;"AGG_RT";0.643;"medium";"AGG without red-team adjustment (05 §3); AGG_RT = AGG 0.643.";"outcome of the 24.09 summit; announcement of ""reciprocal visits within half a year"""
Q-0030;02;2026-10-09;"AGG";0.317;"low";"Mean of lenses A 0.3 / B 0.3 / C 0.35; spread 0.05. Confidence = median of lens confidences.";"progress of trilateral talks; Rubio–Lavrov talks"
Q-0030;02;2026-10-09;"AGG_RT";0.317;"low";"AGG without red-team adjustment (05 §3); AGG_RT = AGG 0.317.";"progress of trilateral talks; Rubio–Lavrov talks"
Q-0031;02;2026-10-09;"AGG";0.107;"medium";"Mean of lenses A 0.12 / B 0.08 / C 0.12; spread 0.04. Confidence = median of lens confidences.";"generic ballot polling average; presidential approval"
Q-0031;02;2026-10-09;"AGG_RT";0.107;"medium";"AGG without red-team adjustment (05 §3); AGG_RT = AGG 0.107.";"generic ballot polling average; presidential approval"
Q-0032;02;2026-10-09;"AGG";0.103;"low";"Mean of lenses A 0.13 / B 0.08 / C 0.1; spread 0.05. Confidence = median of lens confidences.";"statements of the Supreme Leader's office"
Q-0032;02;2026-10-09;"AGG_RT";0.103;"low";"AGG without red-team adjustment (05 §3); AGG_RT = AGG 0.103.";"statements of the Supreme Leader's office"
Q-0033;02;2026-10-09;"AGG";0.29;"medium";"Mean of lenses A 0.3 / B 0.25 / C 0.32; spread 0.07. Confidence = median of lens confidences.";"Datafolha and Quaest polls; first-round result"
Q-0033;02;2026-10-09;"AGG_RT";0.29;"medium";"AGG without red-team adjustment (05 §3); AGG_RT = AGG 0.29.";"Datafolha and Quaest polls; first-round result"
Q-0034;02;2026-10-09;"AGG";0.32;"low";"Mean of lenses A 0.28 / B 0.33 / C 0.35; spread 0.07. Confidence = median of lens confidences.";"replacement of the TSJ and CNE; US position"
Q-0034;02;2026-10-09;"AGG_RT";0.32;"low";"AGG without red-team adjustment (05 §3); AGG_RT = AGG 0.32.";"replacement of the TSJ and CNE; US position"
Q-0035;02;2026-10-09;"AGG";0.07;"low";"Mean of lenses A 0.06 / B 0.07 / C 0.08; spread 0.02. Confidence = median of lens confidences.";"fuel blockade of Bamako; JNIM attacks in central Mali"
Q-0035;02;2026-10-09;"AGG_RT";0.07;"low";"AGG without red-team adjustment (05 §3); AGG_RT = AGG 0.07.";"fuel blockade of Bamako; JNIM attacks in central Mali"
Q-0036;02;2026-10-09;"AGG";0.103;"low";"Mean of lenses A 0.16 / B 0.08 / C 0.07; spread 0.09. Confidence = median of lens confidences.";"daily PortWatch transits; US–Iran talks; blockade"
Q-0036;02;2026-10-09;"AGG_RT";0.103;"low";"AGG without red-team adjustment (05 §3); AGG_RT = AGG 0.103.";"daily PortWatch transits; US–Iran talks; blockade"
Q-0037;02;2026-10-09;"AGG";0.02;"high";"Mean of lenses A 0.02 / B 0.02 / C 0.02; spread 0.00. Confidence = median of lens confidences.";"US–Iran talks; offer to open within 7 days"
Q-0037;02;2026-10-09;"AGG_RT";0.02;"high";"AGG without red-team adjustment (05 §3); AGG_RT = AGG 0.02.";"US–Iran talks; offer to open within 7 days"
Q-0038;02;2026-10-09;"AGG";0.143;"low";"Mean of lenses A 0.18 / B 0.15 / C 0.1; spread 0.08. Confidence = median of lens confidences.";"US–Iran talks; Iran's condition no. 1 (G4-003)"
Q-0038;02;2026-10-09;"AGG_RT";0.143;"low";"AGG without red-team adjustment (05 §3); AGG_RT = AGG 0.143.";"US–Iran talks; Iran's condition no. 1 (G4-003)"
Q-0039;02;2026-10-09;"AGG";0.92;"medium";"Mean of lenses A 0.92 / B 0.92 / C 0.92; spread 0.00. Confidence = median of lens confidences.";"Gatún Lake level; rainfall"
Q-0039;02;2026-10-09;"AGG_RT";0.92;"medium";"AGG without red-team adjustment (05 §3); AGG_RT = AGG 0.92.";"Gatún Lake level; rainfall"
Q-0040;02;2026-10-09;"AGG";0.567;"low";"Mean of lenses A 0.4 / B 0.75 / C 0.55; spread 0.35. Confidence = median of lens confidences.";"shadow fleet movements; anchor incidents; NATO patrols"
Q-0040;02;2026-10-09;"AGG_RT";0.667;"low";"AGG 0.567 +0.10 (red-team adjustment accepted in stage 06, 05 §3): reference class verified: a Baltic subsea cable/pipeline incident with investigation or detention in each of the last three winters (R-03); lens A without counter-evidence.";"shadow fleet movements; anchor incidents; NATO patrols"
Q-0049;02;2026-10-09;"AGG";0.147;"medium";"Mean of lenses A 0.08 / B 0.3 / C 0.06; spread 0.24. Confidence = median of lens confidences.";"injection rate (2790 GWh/d 7-day, G2-017)"
Q-0049;02;2026-10-09;"AGG_RT";0.077;"medium";"AGG 0.147 -0.07 (red-team adjustment accepted in stage 06, 05 §3): AGSI+ value for gas day 06.10 read via Global Energy Flow at 72.97%, below 73.0 (A-07, C-07), consistent with 73.12% on 07.10 (B-02).";"injection rate (2790 GWh/d 7-day, G2-017)"
Q-0065;02;2026-10-09;"AGG";0.35;"low";"Mean of lenses A 0.33 / B 0.32 / C 0.4; spread 0.08. Confidence = median of lens confidences.";"CENTCOM statements; fate of the US–Iran talks"
Q-0065;02;2026-10-09;"AGG_RT";0.35;"low";"AGG without red-team adjustment (05 §3); AGG_RT = AGG 0.35.";"CENTCOM statements; fate of the US–Iran talks"
Q-0066;02;2026-10-09;"AGG";0.227;"medium";"Mean of lenses A 0.18 / B 0.38 / C 0.12; spread 0.26. Confidence = median of lens confidences.";"PCE and CPI inflation; energy prices"
Q-0066;02;2026-10-09;"AGG_RT";0.177;"medium";"AGG 0.227 -0.05 (red-team adjustment accepted in stage 06, 05 §3): Fed speakers after the minutes (Williams, Jefferson, Waller) steer away from 28.10 (A-14, C-11); lens B used a generic rate without them.";"PCE and CPI inflation; energy prices"
Q-0067;02;2026-10-09;"AGG";0.067;"high";"Mean of lenses A 0.08 / B 0.04 / C 0.08; spread 0.04. Confidence = median of lens confidences.";"injection rate; TTF; LNG"
Q-0067;02;2026-10-09;"AGG_RT";0.067;"high";"AGG without red-team adjustment (05 §3); AGG_RT = AGG 0.067.";"injection rate; TTF; LNG"
Q-0068;02;2026-10-09;"AGG";0.233;"low";"Mean of lenses A 0.27 / B 0.18 / C 0.25; spread 0.09. Confidence = median of lens confidences.";"Houthi attacks on Saudi Arabia; Iran's Yemen condition"
Q-0068;02;2026-10-09;"AGG_RT";0.233;"low";"AGG without red-team adjustment (05 §3); AGG_RT = AGG 0.233.";"Houthi attacks on Saudi Arabia; Iran's Yemen condition"
Q-0069;02;2026-10-09;"AGG";0.12;"medium";"Mean of lenses A 0.12 / B 0.12 / C 0.12; spread 0.00. Confidence = median of lens confidences.";"outcome of the 24.09 summit; APEC 18–19.11; G20 XII"
Q-0069;02;2026-10-09;"AGG_RT";0.12;"medium";"AGG without red-team adjustment (05 §3); AGG_RT = AGG 0.12.";"outcome of the 24.09 summit; APEC 18–19.11; G20 XII"
Q-0070;02;2026-10-09;"AGG";0.31;"low";"Mean of lenses A 0.28 / B 0.35 / C 0.3; spread 0.07. Confidence = median of lens confidences.";"general government deficit approx. 7% of GDP; 2027 budget"
Q-0070;02;2026-10-09;"AGG_RT";0.31;"low";"AGG without red-team adjustment (05 §3); AGG_RT = AGG 0.31.";"general government deficit approx. 7% of GDP; 2027 budget"
Q-0071;02;2026-10-09;"AGG";0.143;"low";"Mean of lenses A 0.18 / B 0.1 / C 0.15; spread 0.08. Confidence = median of lens confidences.";"Ukraine's 2027 funding gap; position of Belgium and Euroclear"
Q-0071;02;2026-10-09;"AGG_RT";0.143;"low";"AGG without red-team adjustment (05 §3); AGG_RT = AGG 0.143.";"Ukraine's 2027 funding gap; position of Belgium and Euroclear"
Q-0072;02;2026-10-09;"AGG";0.123;"medium";"Mean of lenses A 0.12 / B 0.15 / C 0.1; spread 0.05. Confidence = median of lens confidences.";"constitutional referendum in Armenia (2027); TRIPP"
Q-0072;02;2026-10-09;"AGG_RT";0.123;"medium";"AGG without red-team adjustment (05 §3); AGG_RT = AGG 0.123.";"constitutional referendum in Armenia (2027); TRIPP"
Q-0073;02;2026-10-09;"AGG";0.07;"medium";"Mean of lenses A 0.07 / B 0.07 / C 0.07; spread 0.00. Confidence = median of lens confidences.";"ISW and DeepState maps; Dobropillia–Kramatorsk road"
Q-0073;02;2026-10-09;"AGG_RT";0.07;"medium";"AGG without red-team adjustment (05 §3); AGG_RT = AGG 0.07.";"ISW and DeepState maps; Dobropillia–Kramatorsk road"
Q-0074;02;2026-10-09;"AGG";0.633;"low";"Mean of lenses A 0.65 / B 0.65 / C 0.6; spread 0.05. Confidence = median of lens confidences.";"US-Iran track; Hormuz flows; G7/IEA stock releases; EIA STEO"
Q-0074;02;2026-10-09;"AGG_RT";0.633;"low";"AGG without red-team adjustment (05 §3); AGG_RT = AGG 0.633.";"US-Iran track; Hormuz flows; G7/IEA stock releases; EIA STEO"
Q-0075;02;2026-10-09;"AGG";0.643;"medium";"Mean of lenses A 0.68 / B 0.65 / C 0.6; spread 0.08. Confidence = median of lens confidences.";"fuel price caps CPN III from 03.10; e-petrol prices; MPC communique"
Q-0075;02;2026-10-09;"AGG_RT";0.643;"medium";"AGG without red-team adjustment (05 §3); AGG_RT = AGG 0.643.";"fuel price caps CPN III from 03.10; e-petrol prices; MPC communique"
Q-0076;02;2026-10-09;"AGG";0.56;"low";"Mean of lenses A 0.55 / B 0.58 / C 0.55; spread 0.03. Confidence = median of lens confidences.";"cereal and sugar sub-indices; Black Sea shipping; Hormuz fertiliser flows"
Q-0076;02;2026-10-09;"AGG_RT";0.56;"low";"AGG without red-team adjustment (05 §3); AGG_RT = AGG 0.56.";"cereal and sugar sub-indices; Black Sea shipping; Hormuz fertiliser flows"
Q-0077;02;2026-10-09;"AGG";0.723;"medium";"Mean of lenses A 0.72 / B 0.75 / C 0.7; spread 0.05. Confidence = median of lens confidences.";"APEC Shenzhen 18-19.11; US Federal Register notices on the 10.01.2027 extension; H.R. 5334 use"
Q-0077;02;2026-10-09;"AGG_RT";0.673;"medium";"AGG 0.723 -0.05 (red-team adjustment accepted in stage 06, 05 §3): consistency: near parity with Q-0021 and Q-0102 implies a further extension is almost certain once the agreed one is formalised.";"APEC Shenzhen 18-19.11; US Federal Register notices on the 10.01.2027 extension; H.R. 5334 use"
Q-0078;02;2026-10-09;"AGG";0.083;"medium";"Mean of lenses A 0.07 / B 0.06 / C 0.12; spread 0.06. Confidence = median of lens confidences.";"IRGC clearance rule; US escorts; tanker strikes"
Q-0078;02;2026-10-09;"AGG_RT";0.083;"medium";"AGG without red-team adjustment (05 §3); AGG_RT = AGG 0.083.";"IRGC clearance rule; US escorts; tanker strikes"
Q-0079;02;2026-10-09;"AGG";0.283;"low";"Mean of lenses A 0.22 / B 0.38 / C 0.25; spread 0.16. Confidence = median of lens confidences.";"Houthi strikes on shipping; fighting at Dhubab and Mocha"
Q-0079;02;2026-10-09;"AGG_RT";0.283;"low";"AGG without red-team adjustment (05 §3); AGG_RT = AGG 0.283.";"Houthi strikes on shipping; fighting at Dhubab and Mocha"
Q-0080;02;2026-10-09;"AGG";0.637;"low";"Mean of lenses A 0.55 / B 0.4 / C 0.96; spread 0.56. Confidence = median of lens confidences.";"Houthi strikes on Saudi airports; Yemeni Dawn offensive; Mecca Alliance deployment"
Q-0080;02;2026-10-09;"AGG_RT";0.787;"low";"AGG 0.637 +0.15 (red-team adjustment accepted in stage 06, 05 §3): GACA statement of 09.10 on three Saudi deaths from the 08.10 Houthi missile on King Khalid airport (R-01, C-09); criterion appears met; the +0.15 limit binds.";"Houthi strikes on Saudi airports; Yemeni Dawn offensive; Mecca Alliance deployment"
Q-0081;02;2026-10-09;"AGG";0.103;"medium";"Mean of lenses A 0.12 / B 0.12 / C 0.07; spread 0.05. Confidence = median of lens confidences.";"Qatari mediation; Iran's reply to the US proposal; Majlis dispute over Araghchi"
Q-0081;02;2026-10-09;"AGG_RT";0.103;"medium";"AGG without red-team adjustment (05 §3); AGG_RT = AGG 0.103.";"Qatari mediation; Iran's reply to the US proposal; Majlis dispute over Araghchi"
Q-0082;02;2026-10-09;"AGG";0.107;"medium";"Mean of lenses A 0.12 / B 0.12 / C 0.08; spread 0.04. Confidence = median of lens confidences.";"Kremlin and Ryabkov statements on the format; Putin-Trump contacts"
Q-0082;02;2026-10-09;"AGG_RT";0.107;"medium";"AGG without red-team adjustment (05 §3); AGG_RT = AGG 0.107.";"Kremlin and Ryabkov statements on the format; Putin-Trump contacts"
Q-0083;02;2026-10-09;"AGG";0.9;"high";"Mean of lenses A 0.9 / B 0.92 / C 0.88; spread 0.04. Confidence = median of lens confidences.";"Foreign Affairs Council 12.10; Hungary and Slovakia positions"
Q-0083;02;2026-10-09;"AGG_RT";0.9;"high";"AGG without red-team adjustment (05 §3); AGG_RT = AGG 0.9.";"Foreign Affairs Council 12.10; Hungary and Slovakia positions"
Q-0084;02;2026-10-09;"AGG";0.437;"low";"Mean of lenses A 0.36 / B 0.5 / C 0.45; spread 0.14. Confidence = median of lens confidences.";"EU storage injection pace; Qatar force majeure; NW Europe temperatures"
Q-0084;02;2026-10-09;"AGG_RT";0.437;"low";"AGG without red-team adjustment (05 §3); AGG_RT = AGG 0.437.";"EU storage injection pace; Qatar force majeure; NW Europe temperatures"
Q-0085;02;2026-10-09;"AGG";0.11;"medium";"Mean of lenses A 0.08 / B 0.15 / C 0.1; spread 0.07. Confidence = median of lens confidences.";"daily maximum prices set by the Energy Minister (CPN III); Brent; diesel cracks"
Q-0085;02;2026-10-09;"AGG_RT";0.11;"medium";"AGG without red-team adjustment (05 §3); AGG_RT = AGG 0.11.";"daily maximum prices set by the Energy Minister (CPN III); Brent; diesel cracks"
Q-0086;02;2026-10-09;"AGG";0.257;"low";"Mean of lenses A 0.22 / B 0.25 / C 0.3; spread 0.08. Confidence = median of lens confidences.";"UST10Y; MPC 03-04.11; S&P review 06.11"
Q-0086;02;2026-10-09;"AGG_RT";0.257;"low";"AGG without red-team adjustment (05 §3); AGG_RT = AGG 0.257.";"UST10Y; MPC 03-04.11; S&P review 06.11"
Q-0087;02;2026-10-09;"AGG";0.277;"low";"Mean of lenses A 0.3 / B 0.18 / C 0.35; spread 0.17. Confidence = median of lens confidences.";"PLA reaction to Lai's National Day address (10.10); APEC preparations"
Q-0087;02;2026-10-09;"AGG_RT";0.277;"low";"AGG without red-team adjustment (05 §3); AGG_RT = AGG 0.277.";"PLA reaction to Lai's National Day address (10.10); APEC preparations"
Q-0088;02;2026-10-09;"AGG";0.083;"medium";"Mean of lenses A 0.06 / B 0.07 / C 0.12; spread 0.06. Confidence = median of lens confidences.";"weekly inflation; FX purchases; draft budget; medium-term forecast"
Q-0088;02;2026-10-09;"AGG_RT";0.083;"medium";"AGG without red-team adjustment (05 §3); AGG_RT = AGG 0.083.";"weekly inflation; FX purchases; draft budget; medium-term forecast"
Q-0089;02;2026-10-09;"AGG";0.16;"medium";"Mean of lenses A 0.15 / B 0.18 / C 0.15; spread 0.03. Confidence = median of lens confidences.";"MOFCOM announcements; GAC magnet exports IX; Federal Register notices on the truce"
Q-0089;02;2026-10-09;"AGG_RT";0.16;"medium";"AGG without red-team adjustment (05 §3); AGG_RT = AGG 0.16.";"MOFCOM announcements; GAC magnet exports IX; Federal Register notices on the truce"
Q-0090;02;2026-10-09;"AGG";0.19;"low";"Mean of lenses A 0.25 / B 0.1 / C 0.22; spread 0.15. Confidence = median of lens confidences.";"30-day deadline 18.10; waiver under Sec. 115; Greer and Wright statements"
Q-0090;02;2026-10-09;"AGG_RT";0.13;"low";"AGG 0.19 -0.06 (red-team adjustment accepted in stage 06, 05 §3): GL 135 licenses imports of Russian diesel into the US (R-02); a Sec. 112 duty on all Russian goods by 21.10 would contradict it.";"30-day deadline 18.10; waiver under Sec. 115; Greer and Wright statements"
Q-0091;02;2026-10-09;"AGG";0.227;"low";"Mean of lenses A 0.33 / B 0.1 / C 0.25; spread 0.23. Confidence = median of lens confidences.";"H.R. 5334 Sec. 103 bank sanctions deadline; US-Russia channel"
Q-0091;02;2026-10-09;"AGG_RT";0.157;"low";"AGG 0.227 -0.07 (red-team adjustment accepted in stage 06, 05 §3): OFAC GL 135 of 09.10 eases Russia sanctions on diesel at the President's direction (R-02); no RUSSIA-EO14024 designation since 24.09 (G3-026).";"H.R. 5334 Sec. 103 bank sanctions deadline; US-Russia channel"
Q-0092;02;2026-10-09;"AGG";0.233;"low";"Mean of lenses A 0.25 / B 0.25 / C 0.2; spread 0.05. Confidence = median of lens confidences.";"Houthi maritime campaign; fighting at Dhubab and Mocha"
Q-0092;02;2026-10-09;"AGG_RT";0.233;"low";"AGG without red-team adjustment (05 §3); AGG_RT = AGG 0.233.";"Houthi maritime campaign; fighting at Dhubab and Mocha"
Q-0093;02;2026-10-09;"AGG";0.267;"low";"Mean of lenses A 0.25 / B 0.3 / C 0.25; spread 0.05. Confidence = median of lens confidences.";"Alpha Research and Market Links polls; turnout"
Q-0093;02;2026-10-09;"AGG_RT";0.267;"low";"AGG without red-team adjustment (05 §3); AGG_RT = AGG 0.267.";"Alpha Research and Market Links polls; turnout"
Q-0094;02;2026-10-09;"AGG";0.467;"low";"Mean of lenses A 0.45 / B 0.47 / C 0.48; spread 0.03. Confidence = median of lens confidences.";"polls (Maariv, Channel 12/13/14); Iran war; Gaza"
Q-0094;02;2026-10-09;"AGG_RT";0.467;"low";"AGG without red-team adjustment (05 §3); AGG_RT = AGG 0.467.";"polls (Maariv, Channel 12/13/14); Iran war; Gaza"
Q-0095;02;2026-10-09;"AGG";0.427;"low";"Mean of lenses A 0.45 / B 0.5 / C 0.33; spread 0.17. Confidence = median of lens confidences.";"Trump approval; generic ballot; Maine, Georgia, Michigan, Texas races"
Q-0095;02;2026-10-09;"AGG_RT";0.427;"low";"AGG without red-team adjustment (05 §3); AGG_RT = AGG 0.427.";"Trump approval; generic ballot; Maine, Georgia, Michigan, Texas races"
Q-0096;02;2026-10-09;"AGG";0.15;"low";"Mean of lenses A 0.15 / B 0.15 / C 0.15; spread 0.00. Confidence = median of lens confidences.";"impeachment motion (Sabeti, 06.10); Majlis presidium referral; US-Iran talks"
Q-0096;02;2026-10-09;"AGG_RT";0.15;"low";"AGG without red-team adjustment (05 §3); AGG_RT = AGG 0.15.";"impeachment motion (Sabeti, 06.10); Majlis presidium referral; US-Iran talks"
Q-0097;02;2026-10-09;"AGG";0.517;"low";"Mean of lenses A 0.5 / B 0.6 / C 0.45; spread 0.15. Confidence = median of lens confidences.";"Russian strikes on western Ukraine; Kaliningrad activity; Belarus border incidents"
Q-0097;02;2026-10-09;"AGG_RT";0.517;"low";"AGG without red-team adjustment (05 §3); AGG_RT = AGG 0.517.";"Russian strikes on western Ukraine; Kaliningrad activity; Belarus border incidents"
Q-0098;02;2026-10-09;"AGG";0.533;"low";"Mean of lenses A 0.55 / B 0.5 / C 0.55; spread 0.05. Confidence = median of lens confidences.";"Russian campaign against ships serving Ukraine; Turkey/UN Black Sea talks"
Q-0098;02;2026-10-09;"AGG_RT";0.533;"low";"AGG without red-team adjustment (05 §3); AGG_RT = AGG 0.533.";"Russian campaign against ships serving Ukraine; Turkey/UN Black Sea talks"
Q-0099;02;2026-10-09;"AGG";0.467;"low";"Mean of lenses A 0.45 / B 0.45 / C 0.5; spread 0.05. Confidence = median of lens confidences.";"Theodore Roosevelt transit; George Washington and Bush rotation; US strike options after 03.11"
Q-0099;02;2026-10-09;"AGG_RT";0.467;"low";"AGG without red-team adjustment (05 §3); AGG_RT = AGG 0.467.";"Theodore Roosevelt transit; George Washington and Bush rotation; US strike options after 03.11"
Q-0100;02;2026-10-09;"AGG";0.617;"low";"Mean of lenses A 0.65 / B 0.6 / C 0.6; spread 0.05. Confidence = median of lens confidences.";"Ushakov statements; PRC host arrangements; Putin-Trump-Xi meeting idea"
Q-0100;02;2026-10-09;"AGG_RT";0.617;"low";"AGG without red-team adjustment (05 §3); AGG_RT = AGG 0.617.";"Ushakov statements; PRC host arrangements; Putin-Trump-Xi meeting idea"
Q-0101;02;2026-10-09;"AGG";0.483;"low";"Mean of lenses A 0.55 / B 0.45 / C 0.45; spread 0.10. Confidence = median of lens confidences.";"Ukrainian minority-rights law; Hungarian position; EUCO 17-18.12"
Q-0101;02;2026-10-09;"AGG_RT";0.483;"low";"AGG without red-team adjustment (05 §3); AGG_RT = AGG 0.483.";"Ukrainian minority-rights law; Hungarian position; EUCO 17-18.12"
Q-0102;02;2026-10-09;"AGG";0.75;"medium";"Mean of lenses A 0.78 / B 0.72 / C 0.75; spread 0.06. Confidence = median of lens confidences.";"US formalisation of the 10.01.2027 truce extension; USTR s.301 maritime-fee notice"
Q-0102;02;2026-10-09;"AGG_RT";0.75;"medium";"AGG without red-team adjustment (05 §3); AGG_RT = AGG 0.75.";"US formalisation of the 10.01.2027 truce extension; USTR s.301 maritime-fee notice"
Q-0103;02;2026-10-09;"AGG";0.293;"low";"Mean of lenses A 0.28 / B 0.3 / C 0.3; spread 0.02. Confidence = median of lens confidences.";"Russian enriched uranium; utility contracting; Iranian HEU proposal"
Q-0103;02;2026-10-09;"AGG_RT";0.293;"low";"AGG without red-team adjustment (05 §3); AGG_RT = AGG 0.293.";"Russian enriched uranium; utility contracting; Iranian HEU proposal"
Q-0104;02;2026-10-09;"AGG";0.333;"low";"Mean of lenses A 0.35 / B 0.35 / C 0.3; spread 0.05. Confidence = median of lens confidences.";"sectoral 22nd package preparation; Hungary and Slovakia positions"
Q-0104;02;2026-10-09;"AGG_RT";0.333;"low";"AGG without red-team adjustment (05 §3); AGG_RT = AGG 0.333.";"sectoral 22nd package preparation; Hungary and Slovakia positions"
Q-0105;02;2026-10-09;"AGG";0.327;"low";"Mean of lenses A 0.4 / B 0.28 / C 0.3; spread 0.12. Confidence = median of lens confidences.";"2027 budget dispute (Fiscal Council); deficit about 7% of GDP; scheduled review 06.11"
Q-0105;02;2026-10-09;"AGG_RT";0.327;"low";"AGG without red-team adjustment (05 §3); AGG_RT = AGG 0.327.";"2027 budget dispute (Fiscal Council); deficit about 7% of GDP; scheduled review 06.11"
Q-0106;02;2026-10-09;"AGG";0.067;"medium";"Mean of lenses A 0.08 / B 0.05 / C 0.07; spread 0.03. Confidence = median of lens confidences.";"US distillate stocks; European stock releases; midterm campaign"
Q-0106;02;2026-10-09;"AGG_RT";0.067;"medium";"AGG without red-team adjustment (05 §3); AGG_RT = AGG 0.067.";"US distillate stocks; European stock releases; midterm campaign"
Q-0107;02;2026-10-09;"AGG";0.207;"low";"Mean of lenses A 0.25 / B 0.12 / C 0.25; spread 0.13. Confidence = median of lens confidences.";"CPN III duration; Commission statements"
Q-0107;02;2026-10-09;"AGG_RT";0.207;"low";"AGG without red-team adjustment (05 §3); AGG_RT = AGG 0.207.";"CPN III duration; Commission statements"
Q-0108;02;2026-10-09;"AGG";0.12;"medium";"Mean of lenses A 0.12 / B 0.12 / C 0.12; spread 0.00. Confidence = median of lens confidences.";"USTR public comment process; APEC; truce formalisation"
Q-0108;02;2026-10-09;"AGG_RT";0.12;"medium";"AGG without red-team adjustment (05 §3); AGG_RT = AGG 0.12.";"USTR public comment process; APEC; truce formalisation"
Q-0109;02;2026-10-09;"AGG";0.557;"low";"Mean of lenses A 0.5 / B 0.62 / C 0.55; spread 0.12. Confidence = median of lens confidences.";"informal House-Senate reconciliation after 03.11; posture review"
Q-0109;02;2026-10-09;"AGG_RT";0.557;"low";"AGG without red-team adjustment (05 §3); AGG_RT = AGG 0.557.";"informal House-Senate reconciliation after 03.11; posture review"
Q-0110;02;2026-10-09;"AGG";0.083;"medium";"Mean of lenses A 0.1 / B 0.08 / C 0.07; spread 0.03. Confidence = median of lens confidences.";"trilateral talks; Putin-Trump contacts; Valdai terms"
Q-0110;02;2026-10-09;"AGG_RT";0.083;"medium";"AGG without red-team adjustment (05 §3); AGG_RT = AGG 0.083.";"trilateral talks; Putin-Trump contacts; Valdai terms"
Q-0111;02;2026-10-09;"AGG";0.45;"low";"Mean of lenses A 0.5 / B 0.35 / C 0.5; spread 0.15. Confidence = median of lens confidences.";"Inatsisartut and Folketing procedures; Naleraq opposition"
Q-0111;02;2026-10-09;"AGG_RT";0.45;"low";"AGG without red-team adjustment (05 §3); AGG_RT = AGG 0.45.";"Inatsisartut and Folketing procedures; Naleraq opposition"
Q-0112;02;2026-10-09;"AGG";0.043;"medium";"Mean of lenses A 0.04 / B 0.04 / C 0.05; spread 0.01. Confidence = median of lens confidences.";"House Select Committee follow-up; PBoC RMB liquidity facility"
Q-0112;02;2026-10-09;"AGG_RT";0.043;"medium";"AGG without red-team adjustment (05 §3); AGG_RT = AGG 0.043.";"House Select Committee follow-up; PBoC RMB liquidity facility"
Q-0113;02;2026-10-09;"AGG";0.24;"low";"Mean of lenses A 0.2 / B 0.27 / C 0.25; spread 0.07. Confidence = median of lens confidences.";"DeepState and ISW maps; Vivaldi counteroffensive; Russian claims"
Q-0113;02;2026-10-09;"AGG_RT";0.24;"low";"AGG without red-team adjustment (05 §3); AGG_RT = AGG 0.24.";"DeepState and ISW maps; Vivaldi counteroffensive; Russian claims"
Q-0114;02;2026-10-09;"AGG";0.3;"low";"Mean of lenses A 0.3 / B 0.25 / C 0.35; spread 0.10. Confidence = median of lens confidences.";"posture review; special law on the base; Polish-US talks"
Q-0114;02;2026-10-09;"AGG_RT";0.3;"low";"AGG without red-team adjustment (05 §3); AGG_RT = AGG 0.3.";"posture review; special law on the base; Polish-US talks"
Q-0115;02;2026-10-09;"AGG";0.233;"low";"Mean of lenses A 0.22 / B 0.28 / C 0.2; spread 0.08. Confidence = median of lens confidences.";"US-Iran agreement; Hormuz reopening; OPEC+ policy"
Q-0115;02;2026-10-09;"AGG_RT";0.233;"low";"AGG without red-team adjustment (05 §3); AGG_RT = AGG 0.233.";"US-Iran agreement; Hormuz reopening; OPEC+ policy"
